"frameCount";"StaticqueueDensity";"currentNoOfBlobs"
"2";"0";"3"
"3";"0";"3"
"4";"0";"3"
"5";"0";"3"
"6";"2";"1"
"7";"1";"3"
"8";"2";"2"
"9";"4";"0"
"10";"2";"4"
"11";"2";"3"
"12";"4";"1"
"13";"3";"2"
"14";"3";"2"
"15";"4";"1"
"16";"2";"2"
"17";"2";"2"
"18";"3";"1"
"19";"3";"1"
"20";"2";"2"
"21";"2";"2"
"22";"3";"1"
"23";"3";"1"
"24";"2";"2"
"25";"3";"1"
"26";"3";"1"
"27";"2";"3"
"28";"3";"2"
"29";"3";"2"
"30";"2";"3"
"31";"1";"4"
"32";"1";"4"
"33";"2";"3"
"34";"1";"4"
"35";"1";"4"
"36";"2";"3"
"37";"1";"3"
"38";"0";"4"
"39";"1";"3"
"40";"0";"3"
"41";"0";"3"
"42";"0";"3"
"43";"0";"4"
"44";"1";"3"
"45";"1";"3"
"46";"1";"3"
"47";"1";"3"
"48";"2";"2"
"49";"2";"2"
"50";"1";"3"
"51";"2";"2"
"52";"1";"3"
"53";"1";"3"
"54";"1";"3"
"55";"1";"3"
"56";"1";"3"
"57";"1";"2"
"58";"1";"3"
"59";"0";"5"
"60";"0";"2"
"61";"0";"3"
"62";"0";"3"
"63";"0";"3"
"64";"0";"3"
"65";"0";"4"
"66";"0";"2"
"67";"0";"2"
"68";"0";"3"
"69";"0";"2"
"70";"0";"3"
"71";"0";"3"
"72";"0";"3"
"73";"0";"4"
"74";"0";"3"
"75";"0";"3"
"76";"0";"3"
"77";"0";"3"
"78";"2";"1"
"79";"2";"2"
"80";"1";"4"
"81";"4";"1"
"82";"2";"4"
"83";"3";"3"
"84";"1";"5"
"85";"2";"4"
"86";"2";"4"
"87";"4";"2"
"88";"2";"4"
"89";"0";"6"
"90";"4";"2"
"91";"1";"5"
"92";"0";"6"
"93";"4";"2"
"94";"2";"5"
"95";"2";"6"
"96";"6";"2"
"97";"6";"3"
"98";"6";"3"
"99";"6";"3"
"100";"6";"3"
"101";"4";"4"
"102";"5";"3"
"103";"3";"4"
"104";"4";"3"
"105";"4";"2"
"106";"3";"4"
"107";"4";"3"
"108";"4";"2"
"109";"4";"3"
"110";"3";"4"
"111";"4";"3"
"112";"3";"5"
"113";"3";"5"
"114";"3";"4"
"115";"3";"5"
"116";"3";"5"
"117";"3";"3"
"118";"3";"6"
"119";"2";"7"
"120";"2";"7"
"121";"2";"7"
"122";"1";"8"
"123";"5";"4"
"124";"4";"6"
"125";"3";"7"
"126";"5";"5"
"127";"4";"7"
"128";"4";"7"
"129";"6";"5"
"130";"6";"5"
"131";"6";"5"
"132";"6";"4"
"133";"6";"5"
"134";"6";"5"
"135";"8";"3"
"136";"8";"5"
"137";"7";"5"
"138";"11";"1"
"139";"9";"4"
"140";"8";"5"
"141";"12";"1"
"142";"10";"3"
"143";"8";"6"
"144";"12";"2"
"145";"9";"5"
"146";"12";"2"
"147";"13";"1"
"148";"12";"2"
"149";"12";"2"
"150";"14";"0"
"151";"12";"2"
"152";"11";"3"
"153";"14";"0"
"154";"9";"5"
"155";"12";"2"
"156";"13";"1"
"157";"13";"2"
"158";"12";"3"
"159";"15";"0"
"160";"11";"4"
"161";"12";"3"
"162";"15";"0"
"163";"12";"3"
"164";"12";"3"
"165";"15";"0"
"166";"14";"1"
"167";"13";"2"
"168";"15";"0"
"169";"14";"2"
"170";"12";"4"
"171";"15";"0"
"172";"13";"2"
"173";"13";"2"
"174";"15";"0"
"175";"14";"2"
"176";"14";"2"
"177";"15";"0"
"178";"15";"1"
"179";"15";"1"
"180";"15";"0"
"181";"15";"1"
"182";"14";"2"
"183";"15";"0"
"184";"14";"2"
"185";"15";"1"
"186";"15";"0"
"187";"15";"1"
"188";"15";"0"
"189";"15";"0"
"190";"15";"0"
"191";"15";"1"
"192";"15";"0"
"193";"15";"0"
"194";"15";"0"
"195";"15";"0"
"196";"15";"0"
"197";"15";"0"
"198";"15";"0"
"199";"15";"0"
"200";"14";"1"
"201";"15";"0"
"202";"14";"1"
"203";"15";"0"
"204";"15";"0"
"205";"15";"0"
"206";"14";"1"
"207";"15";"0"
"208";"14";"1"
"209";"15";"0"
"210";"15";"0"
"211";"15";"0"
"212";"15";"0"
"213";"15";"0"
"214";"14";"1"
"215";"14";"1"
"216";"15";"0"
"217";"14";"1"
"218";"15";"0"
"219";"15";"0"
"220";"15";"0"
"221";"15";"0"
"222";"15";"0"
"223";"15";"0"
"224";"15";"0"
"225";"15";"0"
"226";"15";"0"
"227";"15";"0"
"228";"15";"0"
"229";"15";"0"
"230";"14";"1"
"231";"15";"0"
"232";"15";"0"
"233";"14";"1"
"234";"15";"0"
"235";"14";"1"
"236";"14";"2"
"237";"15";"0"
"238";"14";"1"
"239";"13";"2"
"240";"15";"0"
"241";"14";"1"
"242";"14";"1"
"243";"14";"0"
"244";"14";"1"
"245";"14";"1"
"246";"14";"1"
"247";"14";"1"
"248";"14";"1"
"249";"13";"1"
"250";"13";"1"
"251";"13";"1"
"252";"13";"1"
"253";"13";"1"
"254";"13";"1"
"255";"14";"0"
"256";"14";"1"
"257";"14";"1"
"258";"14";"0"
"259";"14";"0"
"260";"14";"0"
"261";"14";"0"
"262";"14";"0"
"263";"14";"0"
"264";"14";"0"
"265";"14";"1"
"266";"14";"0"
"267";"14";"0"
"268";"14";"1"
"269";"14";"1"
"270";"14";"0"
"271";"14";"0"
"272";"14";"0"
"273";"14";"0"
"274";"14";"1"
"275";"14";"1"
"276";"14";"1"
"277";"14";"1"
"278";"14";"1"
"279";"14";"0"
"280";"14";"1"
"281";"13";"2"
"282";"14";"1"
"283";"14";"3"
"284";"14";"2"
"285";"14";"1"
"286";"13";"2"
"287";"13";"3"
"288";"13";"2"
"289";"13";"2"
"290";"13";"2"
"291";"13";"1"
"292";"13";"2"
"293";"13";"2"
"294";"13";"1"
"295";"13";"1"
"296";"13";"1"
"297";"13";"1"
"298";"13";"1"
"299";"12";"1"
"300";"12";"1"
"301";"12";"1"
"302";"13";"0"
"303";"13";"0"
"304";"13";"0"
"305";"13";"0"
"306";"13";"0"
"307";"13";"0"
"308";"12";"1"
"309";"12";"1"
"310";"12";"1"
"311";"12";"1"
"312";"12";"1"
"313";"13";"0"
"314";"12";"1"
"315";"13";"0"
"316";"13";"0"
"317";"13";"0"
"318";"13";"0"
"319";"13";"0"
"320";"12";"1"
"321";"13";"0"
"322";"12";"1"
"323";"13";"0"
"324";"12";"1"
"325";"12";"1"
"326";"12";"1"
"327";"13";"0"
"328";"13";"0"
"329";"12";"1"
"330";"13";"0"
"331";"13";"0"
"332";"13";"0"
"333";"13";"0"
"334";"13";"0"
"335";"13";"0"
"336";"13";"0"
"337";"13";"0"
"338";"13";"0"
"339";"13";"0"
"340";"12";"1"
"341";"12";"1"
"342";"13";"0"
"343";"12";"1"
"344";"12";"2"
"345";"13";"1"
"346";"13";"1"
"347";"12";"2"
"348";"13";"1"
"349";"13";"1"
"350";"13";"1"
"351";"13";"1"
"352";"13";"1"
"353";"13";"1"
"354";"13";"1"
"355";"13";"1"
"356";"13";"1"
"357";"12";"2"
"358";"12";"1"
"359";"12";"1"
"360";"12";"2"
"361";"12";"1"
"362";"12";"2"
"363";"11";"3"
"364";"13";"1"
"365";"13";"1"
"366";"11";"3"
"367";"13";"1"
"368";"12";"2"
"369";"11";"3"
"370";"13";"1"
"371";"12";"2"
"372";"11";"3"
"373";"11";"3"
"374";"12";"2"
"375";"13";"1"
"376";"13";"1"
"377";"12";"2"
"378";"12";"2"
"379";"12";"2"
"380";"12";"2"
"381";"12";"2"
"382";"12";"2"
"383";"12";"2"
"384";"12";"2"
"385";"12";"2"
"386";"11";"4"
"387";"12";"3"
"388";"11";"4"
"389";"13";"2"
"390";"13";"2"
"391";"13";"2"
"392";"13";"2"
"393";"14";"1"
"394";"13";"2"
"395";"12";"3"
"396";"13";"2"
"397";"12";"2"
"398";"12";"2"
"399";"12";"2"
"400";"11";"2"
"401";"11";"2"
"402";"11";"1"
"403";"11";"2"
"404";"11";"2"
"405";"11";"1"
"406";"11";"2"
"407";"10";"2"
"408";"11";"1"
"409";"10";"4"
"410";"12";"2"
"411";"12";"2"
"412";"11";"4"
"413";"11";"4"
"414";"11";"4"
"415";"9";"5"
"416";"9";"4"
"417";"8";"5"
"418";"7";"4"
"419";"7";"4"
"420";"7";"5"
"421";"7";"4"
"422";"7";"6"
"423";"6";"7"
"424";"7";"6"
"425";"7";"6"
"426";"5";"6"
"427";"5";"6"
"428";"4";"7"
"429";"3";"6"
"430";"3";"8"
"431";"4";"7"
"432";"4";"5"
"433";"2";"7"
"434";"2";"8"
"435";"5";"5"
"436";"4";"7"
"437";"4";"9"
"438";"10";"3"
"439";"4";"12"
"440";"6";"10"
"441";"12";"4"
"442";"8";"11"
"443";"11";"8"
"444";"11";"7"
"445";"11";"8"
"446";"10";"10"
"447";"14";"6"
"448";"13";"7"
"449";"12";"7"
"450";"15";"3"
"451";"12";"8"
"452";"12";"7"
"453";"15";"2"
"454";"11";"9"
"455";"11";"9"
"456";"15";"3"
"457";"13";"7"
"458";"11";"8"
"459";"15";"1"
"460";"13";"5"
"461";"14";"4"
"462";"15";"1"
"463";"14";"4"
"464";"13";"5"
"465";"15";"0"
"466";"13";"3"
"467";"14";"2"
"468";"15";"0"
"469";"14";"2"
"470";"13";"3"
"471";"15";"0"
"472";"13";"2"
"473";"14";"1"
"474";"15";"0"
"475";"14";"1"
"476";"14";"1"
"477";"15";"0"
"478";"15";"0"
"479";"15";"0"
"480";"15";"0"
"481";"15";"0"
"482";"15";"0"
"483";"15";"0"
"484";"15";"0"
"485";"15";"0"
"486";"15";"0"
"487";"15";"0"
"488";"15";"0"
"489";"15";"0"
"490";"15";"0"
"491";"15";"0"
"492";"15";"0"
"493";"15";"0"
"494";"15";"0"
"495";"15";"0"
"496";"15";"0"
"497";"15";"0"
"498";"15";"0"
"499";"15";"0"
"500";"15";"0"
"501";"15";"0"
"502";"15";"0"
"503";"15";"0"
"504";"15";"0"
"505";"15";"1"
"506";"15";"1"
"507";"15";"1"
"508";"15";"1"
"509";"15";"1"
"510";"15";"1"
"511";"15";"1"
"512";"15";"1"
"513";"15";"1"
"514";"15";"1"
"515";"14";"2"
"516";"15";"1"
"517";"14";"2"
"518";"14";"2"
"519";"15";"1"
"520";"14";"2"
"521";"14";"1"
"522";"14";"1"
"523";"13";"2"
"524";"13";"2"
"525";"13";"1"
"526";"13";"1"
"527";"13";"2"
"528";"13";"1"
"529";"13";"1"
"530";"13";"1"
"531";"13";"1"
"532";"13";"1"
"533";"13";"1"
"534";"11";"3"
"535";"12";"2"
"536";"13";"1"
"537";"13";"1"
"538";"12";"2"
"539";"12";"2"
"540";"14";"0"
"541";"11";"3"
"542";"11";"3"
"543";"13";"1"
"544";"11";"3"
"545";"10";"4"
"546";"14";"0"
"547";"12";"2"
"548";"11";"3"
"549";"14";"0"
"550";"11";"3"
"551";"12";"2"
"552";"14";"0"
"553";"12";"2"
"554";"13";"1"
"555";"14";"0"
"556";"13";"1"
"557";"12";"2"
"558";"14";"0"
"559";"13";"1"
"560";"12";"2"
"561";"14";"0"
"562";"14";"0"
"563";"14";"0"
"564";"14";"0"
"565";"14";"0"
"566";"14";"0"
"567";"14";"0"
"568";"14";"0"
"569";"14";"1"
"570";"14";"0"
"571";"14";"0"
"572";"14";"0"
"573";"14";"0"
"574";"14";"0"
"575";"14";"0"
"576";"14";"0"
"577";"14";"1"
"578";"14";"1"
"579";"14";"0"
"580";"14";"0"
"581";"14";"0"
"582";"14";"0"
"583";"14";"1"
"584";"14";"1"
"585";"14";"1"
"586";"14";"2"
"587";"14";"1"
"588";"14";"0"
"589";"14";"0"
"590";"14";"1"
"591";"14";"0"
"592";"14";"1"
"593";"14";"2"
"594";"14";"0"
"595";"14";"0"
"596";"14";"0"
"597";"14";"0"
"598";"14";"1"
"599";"14";"0"
"600";"14";"0"
"601";"14";"0"
"602";"14";"0"
"603";"14";"0"
"604";"14";"0"
"605";"14";"0"
"606";"14";"0"
"607";"14";"0"
"608";"14";"0"
"609";"14";"0"
"610";"14";"1"
"611";"14";"1"
"612";"14";"0"
"613";"13";"1"
"614";"13";"1"
"615";"14";"0"
"616";"13";"1"
"617";"13";"1"
"618";"14";"0"
"619";"13";"1"
"620";"13";"1"
"621";"14";"0"
"622";"14";"1"
"623";"14";"0"
"624";"14";"0"
"625";"14";"0"
"626";"14";"0"
"627";"14";"0"
"628";"14";"0"
"629";"14";"1"
"630";"14";"0"
"631";"14";"1"
"632";"14";"2"
"633";"14";"0"
"634";"14";"1"
"635";"14";"1"
"636";"14";"0"
"637";"14";"1"
"638";"14";"1"
"639";"14";"0"
"640";"14";"0"
"641";"14";"0"
"642";"14";"0"
"643";"14";"0"
"644";"13";"1"
"645";"14";"0"
"646";"14";"0"
"647";"14";"0"
"648";"14";"1"
"649";"14";"0"
"650";"14";"0"
"651";"14";"0"
"652";"14";"1"
"653";"14";"1"
"654";"14";"0"
"655";"14";"0"
"656";"14";"1"
"657";"14";"0"
"658";"14";"0"
"659";"14";"1"
"660";"14";"0"
"661";"14";"1"
"662";"14";"0"
"663";"14";"0"
"664";"14";"1"
"665";"14";"0"
"666";"14";"0"
"667";"14";"0"
"668";"14";"0"
"669";"14";"0"
"670";"14";"0"
"671";"14";"0"
"672";"14";"0"
"673";"14";"0"
"674";"14";"0"
"675";"14";"0"
"676";"14";"0"
"677";"14";"0"
"678";"14";"0"
"679";"14";"0"
"680";"14";"0"
"681";"14";"0"
"682";"14";"0"
"683";"14";"0"
"684";"14";"0"
"685";"14";"0"
"686";"14";"0"
"687";"14";"0"
"688";"14";"0"
"689";"14";"0"
"690";"14";"0"
"691";"14";"0"
"692";"14";"0"
"693";"14";"0"
"694";"14";"0"
"695";"14";"0"
"696";"14";"0"
"697";"14";"0"
"698";"14";"0"
"699";"14";"0"
"700";"14";"0"
"701";"14";"0"
"702";"14";"0"
"703";"14";"0"
"704";"14";"0"
"705";"14";"0"
"706";"14";"0"
"707";"14";"0"
"708";"14";"0"
"709";"14";"0"
"710";"14";"0"
"711";"14";"0"
"712";"14";"0"
"713";"14";"0"
"714";"14";"0"
"715";"14";"0"
"716";"14";"0"
"717";"14";"0"
"718";"14";"0"
"719";"14";"0"
"720";"14";"0"
"721";"14";"0"
"722";"14";"0"
"723";"14";"0"
"724";"14";"0"
"725";"14";"0"
"726";"14";"0"
"727";"14";"0"
"728";"14";"0"
"729";"14";"0"
"730";"14";"0"
"731";"14";"1"
"732";"14";"0"
"733";"14";"0"
"734";"14";"1"
"735";"14";"0"
"736";"14";"0"
"737";"14";"0"
"738";"14";"0"
"739";"14";"1"
"740";"14";"0"
"741";"14";"0"
"742";"14";"0"
"743";"14";"0"
"744";"14";"0"
"745";"14";"0"
"746";"14";"1"
"747";"14";"0"
"748";"14";"0"
"749";"14";"1"
"750";"14";"0"
"751";"14";"0"
"752";"14";"0"
"753";"14";"0"
"754";"14";"1"
"755";"14";"0"
"756";"14";"0"
"757";"14";"1"
"758";"14";"0"
"759";"14";"0"
"760";"14";"0"
"761";"14";"1"
"762";"14";"0"
"763";"14";"0"
"764";"14";"1"
"765";"14";"0"
"766";"14";"0"
"767";"14";"0"
"768";"14";"0"
"769";"14";"0"
"770";"14";"0"
"771";"14";"0"
"772";"14";"0"
"773";"14";"0"
"774";"14";"0"
"775";"14";"0"
"776";"14";"0"
"777";"14";"0"
"778";"14";"0"
"779";"14";"0"
"780";"14";"0"
"781";"14";"0"
"782";"14";"0"
"783";"14";"0"
"784";"14";"0"
"785";"14";"0"
"786";"14";"0"
"787";"14";"0"
"788";"14";"0"
"789";"14";"0"
"790";"14";"0"
"791";"14";"0"
"792";"14";"0"
"793";"14";"0"
"794";"14";"0"
"795";"14";"0"
"796";"14";"0"
"797";"14";"0"
"798";"14";"0"
"799";"14";"0"
"800";"14";"0"
"801";"14";"0"
"802";"14";"0"
"803";"14";"0"
"804";"14";"0"
"805";"14";"0"
"806";"14";"0"
"807";"14";"0"
"808";"14";"0"
"809";"14";"0"
"810";"14";"0"
"811";"14";"0"
"812";"14";"0"
"813";"14";"0"
"814";"14";"0"
"815";"14";"0"
"816";"14";"0"
"817";"14";"0"
"818";"14";"0"
"819";"14";"0"
"820";"14";"0"
"821";"14";"0"
"822";"14";"0"
"823";"14";"0"
"824";"14";"0"
"825";"14";"0"
"826";"14";"0"
"827";"13";"1"
"828";"14";"0"
"829";"13";"1"
"830";"13";"1"
"831";"14";"0"
"832";"13";"1"
"833";"13";"1"
"834";"14";"0"
"835";"14";"0"
"836";"14";"0"
"837";"14";"0"
"838";"14";"0"
"839";"14";"0"
"840";"14";"0"
"841";"14";"0"
"842";"13";"1"
"843";"14";"0"
"844";"14";"0"
"845";"14";"0"
"846";"14";"0"
"847";"14";"0"
"848";"14";"0"
"849";"14";"0"
"850";"14";"0"
"851";"14";"0"
"852";"14";"0"
"853";"14";"0"
"854";"14";"0"
"855";"14";"0"
"856";"14";"0"
"857";"14";"0"
"858";"14";"0"
"859";"13";"1"
"860";"13";"1"
"861";"14";"0"
"862";"14";"0"
"863";"14";"0"
"864";"14";"0"
"865";"14";"0"
"866";"13";"1"
"867";"14";"0"
"868";"13";"1"
"869";"14";"0"
"870";"14";"0"
"871";"14";"0"
"872";"14";"0"
"873";"14";"0"
"874";"14";"0"
"875";"14";"0"
"876";"14";"0"
"877";"14";"0"
"878";"14";"0"
"879";"14";"0"
"880";"13";"2"
"881";"13";"1"
"882";"14";"0"
"883";"13";"1"
"884";"14";"0"
"885";"14";"0"
"886";"14";"0"
"887";"13";"1"
"888";"14";"0"
"889";"13";"1"
"890";"13";"1"
"891";"14";"0"
"892";"14";"0"
"893";"13";"1"
"894";"14";"0"
"895";"13";"1"
"896";"14";"0"
"897";"14";"0"
"898";"13";"1"
"899";"14";"0"
"900";"14";"0"
"901";"14";"0"
"902";"14";"0"
"903";"14";"0"
"904";"14";"0"
"905";"14";"0"
"906";"14";"0"
"907";"14";"0"
"908";"14";"0"
"909";"14";"0"
"910";"14";"0"
"911";"14";"0"
"912";"14";"0"
"913";"13";"1"
"914";"14";"0"
"915";"14";"0"
"916";"14";"0"
"917";"14";"0"
"918";"14";"0"
"919";"14";"0"
"920";"14";"0"
"921";"14";"0"
"922";"14";"0"
"923";"14";"0"
"924";"14";"0"
"925";"14";"0"
"926";"14";"0"
"927";"14";"0"
"928";"14";"0"
"929";"14";"0"
"930";"14";"0"
"931";"14";"0"
"932";"14";"0"
"933";"14";"0"
"934";"14";"0"
"935";"14";"0"
"936";"14";"0"
"937";"14";"0"
"938";"14";"0"
"939";"14";"0"
"940";"13";"1"
"941";"13";"1"
"942";"13";"1"
"943";"13";"1"
"944";"13";"1"
"945";"14";"0"
"946";"13";"1"
"947";"13";"1"
"948";"14";"0"
"949";"14";"0"
"950";"14";"0"
"951";"14";"0"
"952";"14";"0"
"953";"14";"0"
"954";"14";"0"
"955";"14";"0"
"956";"14";"0"
"957";"14";"0"
"958";"14";"0"
"959";"14";"0"
"960";"14";"0"
"961";"14";"0"
"962";"14";"0"
"963";"14";"0"
"964";"14";"0"
"965";"14";"0"
"966";"14";"0"
"967";"14";"0"
"968";"14";"0"
"969";"14";"0"
"970";"14";"0"
"971";"14";"0"
"972";"14";"0"
"973";"14";"0"
"974";"14";"0"
"975";"14";"0"
"976";"13";"1"
"977";"13";"1"
"978";"14";"0"
"979";"13";"1"
"980";"13";"1"
"981";"14";"0"
"982";"13";"1"
"983";"13";"1"
"984";"13";"1"
"985";"14";"0"
"986";"14";"0"
"987";"14";"0"
"988";"14";"0"
"989";"14";"0"
"990";"14";"0"
"991";"14";"0"
"992";"14";"0"
"993";"14";"0"
"994";"14";"0"
"995";"14";"0"
"996";"14";"0"
"997";"14";"0"
"998";"14";"0"
"999";"14";"0"
"1000";"14";"0"
"1001";"14";"0"
"1002";"14";"0"
"1003";"14";"0"
"1004";"14";"0"
"1005";"14";"0"
"1006";"14";"0"
"1007";"14";"0"
"1008";"14";"0"
"1009";"14";"0"
"1010";"14";"0"
"1011";"12";"2"
"1012";"13";"1"
"1013";"14";"0"
"1014";"14";"0"
"1015";"14";"0"
"1016";"14";"0"
"1017";"14";"0"
"1018";"13";"1"
"1019";"14";"0"
"1020";"14";"0"
"1021";"13";"1"
"1022";"14";"0"
"1023";"14";"0"
"1024";"14";"0"
"1025";"14";"0"
"1026";"13";"1"
"1027";"14";"0"
"1028";"14";"0"
"1029";"14";"0"
"1030";"14";"0"
"1031";"14";"0"
"1032";"14";"0"
"1033";"14";"0"
"1034";"14";"0"
"1035";"14";"0"
"1036";"14";"0"
"1037";"14";"0"
"1038";"14";"0"
"1039";"14";"0"
"1040";"14";"0"
"1041";"14";"0"
"1042";"13";"1"
"1043";"14";"0"
"1044";"13";"1"
"1045";"13";"1"
"1046";"14";"0"
"1047";"14";"0"
"1048";"14";"0"
"1049";"14";"0"
"1050";"14";"0"
"1051";"13";"1"
"1052";"14";"0"
"1053";"14";"0"
"1054";"14";"0"
"1055";"14";"0"
"1056";"14";"0"
"1057";"14";"0"
"1058";"14";"0"
"1059";"14";"0"
"1060";"14";"0"
"1061";"14";"0"
"1062";"14";"0"
"1063";"14";"0"
"1064";"14";"0"
"1065";"14";"0"
"1066";"14";"0"
"1067";"14";"0"
"1068";"14";"0"
"1069";"14";"0"
"1070";"14";"0"
"1071";"14";"0"
"1072";"14";"0"
"1073";"14";"0"
"1074";"14";"0"
"1075";"14";"0"
"1076";"14";"0"
"1077";"14";"0"
"1078";"14";"0"
"1079";"14";"0"
"1080";"14";"0"
"1081";"14";"0"
"1082";"14";"0"
"1083";"14";"0"
"1084";"14";"0"
"1085";"14";"0"
"1086";"14";"0"
"1087";"14";"0"
"1088";"14";"0"
"1089";"14";"0"
"1090";"14";"0"
"1091";"14";"0"
"1092";"14";"0"
"1093";"14";"0"
"1094";"14";"0"
"1095";"14";"0"
"1096";"14";"0"
"1097";"14";"0"
"1098";"13";"1"
"1099";"13";"1"
"1100";"14";"0"
"1101";"14";"0"
"1102";"14";"0"
"1103";"14";"0"
"1104";"14";"0"
"1105";"14";"0"
"1106";"14";"0"
"1107";"14";"0"
"1108";"14";"0"
"1109";"14";"0"
"1110";"14";"0"
"1111";"14";"0"
"1112";"14";"0"
"1113";"14";"0"
"1114";"14";"0"
"1115";"14";"0"
"1116";"14";"0"
"1117";"14";"0"
"1118";"14";"0"
"1119";"14";"1"
"1120";"14";"1"
"1121";"14";"1"
"1122";"14";"1"
"1123";"14";"1"
"1124";"14";"1"
"1125";"14";"2"
"1126";"14";"1"
"1127";"14";"1"
"1128";"13";"2"
"1129";"13";"2"
"1130";"13";"2"
"1131";"13";"1"
"1132";"12";"3"
"1133";"13";"2"
"1134";"12";"3"
"1135";"12";"3"
"1136";"14";"1"
"1137";"13";"3"
"1138";"14";"2"
"1139";"14";"2"
"1140";"14";"1"
"1141";"14";"1"
"1142";"14";"2"
"1143";"14";"2"
"1144";"14";"1"
"1145";"14";"2"
"1146";"14";"3"
"1147";"14";"2"
"1148";"14";"2"
"1149";"14";"1"
"1150";"13";"2"
"1151";"14";"1"
"1152";"13";"2"
"1153";"13";"2"
"1154";"14";"1"
"1155";"14";"1"
"1156";"13";"2"
"1157";"14";"1"
"1158";"12";"4"
"1159";"12";"4"
"1160";"14";"2"
"1161";"13";"2"
"1162";"13";"2"
"1163";"13";"2"
"1164";"12";"2"
"1165";"12";"2"
"1166";"12";"2"
"1167";"12";"2"
"1168";"12";"2"
"1169";"13";"1"
"1170";"12";"3"
"1171";"12";"2"
"1172";"13";"1"
"1173";"12";"2"
"1174";"12";"2"
"1175";"13";"1"
"1176";"12";"1"
"1177";"11";"2"
"1178";"13";"0"
"1179";"11";"3"
"1180";"11";"2"
"1181";"12";"1"
"1182";"11";"2"
"1183";"11";"2"
"1184";"12";"1"
"1185";"11";"2"
"1186";"11";"2"
"1187";"12";"1"
"1188";"12";"1"
"1189";"11";"2"
"1190";"12";"1"
"1191";"13";"0"
"1192";"12";"1"
"1193";"13";"0"
"1194";"12";"1"
"1195";"12";"1"
"1196";"13";"0"
"1197";"12";"1"
"1198";"12";"1"
"1199";"13";"0"
"1200";"12";"1"
"1201";"12";"1"
"1202";"13";"0"
"1203";"12";"1"
"1204";"12";"1"
"1205";"13";"0"
"1206";"12";"1"
"1207";"13";"0"
"1208";"13";"0"
"1209";"13";"0"
"1210";"13";"0"
"1211";"13";"0"
"1212";"13";"0"
"1213";"13";"0"
"1214";"13";"0"
"1215";"13";"0"
"1216";"13";"0"
"1217";"13";"0"
"1218";"13";"0"
"1219";"13";"0"
"1220";"13";"0"
"1221";"13";"0"
"1222";"13";"0"
"1223";"13";"0"
"1224";"13";"0"
"1225";"13";"0"
"1226";"13";"0"
"1227";"13";"1"
"1228";"13";"0"
"1229";"13";"0"
"1230";"13";"0"
"1231";"13";"0"
"1232";"13";"0"
"1233";"12";"1"
"1234";"12";"2"
"1235";"12";"1"
"1236";"11";"3"
"1237";"13";"1"
"1238";"14";"0"
"1239";"13";"2"
"1240";"13";"2"
"1241";"15";"0"
"1242";"14";"2"
"1243";"15";"1"
"1244";"15";"0"
"1245";"15";"1"
"1246";"15";"1"
"1247";"15";"0"
"1248";"15";"1"
"1249";"15";"1"
"1250";"15";"0"
"1251";"15";"0"
"1252";"14";"1"
"1253";"15";"0"
"1254";"15";"0"
"1255";"14";"1"
"1256";"15";"0"
"1257";"14";"1"
"1258";"14";"1"
"1259";"15";"0"
"1260";"14";"1"
"1261";"14";"1"
"1262";"15";"0"
"1263";"15";"0"
"1264";"14";"1"
"1265";"15";"0"
"1266";"14";"1"
"1267";"15";"0"
"1268";"15";"0"
"1269";"15";"0"
"1270";"15";"0"
"1271";"15";"0"
"1272";"14";"1"
"1273";"14";"1"
"1274";"15";"0"
"1275";"15";"0"
"1276";"14";"1"
"1277";"15";"0"
"1278";"14";"2"
"1279";"14";"2"
"1280";"15";"0"
"1281";"14";"1"
"1282";"14";"1"
"1283";"15";"0"
"1284";"14";"1"
"1285";"14";"2"
"1286";"15";"0"
"1287";"14";"2"
"1288";"14";"2"
"1289";"15";"0"
"1290";"15";"0"
"1291";"14";"1"
"1292";"15";"0"
"1293";"15";"0"
"1294";"14";"1"
"1295";"15";"0"
"1296";"14";"1"
"1297";"14";"1"
"1298";"14";"1"
"1299";"14";"2"
"1300";"14";"1"
"1301";"14";"1"
"1302";"13";"2"
"1303";"13";"2"
"1304";"15";"0"
"1305";"14";"2"
"1306";"14";"1"
"1307";"15";"0"
"1308";"14";"1"
"1309";"15";"0"
"1310";"15";"0"
"1311";"15";"1"
"1312";"15";"2"
"1313";"15";"1"
"1314";"15";"1"
"1315";"15";"1"
"1316";"15";"1"
"1317";"15";"1"
"1318";"15";"1"
"1319";"15";"0"
"1320";"15";"0"
"1321";"15";"0"
"1322";"15";"0"
"1323";"15";"0"
"1324";"15";"0"
"1325";"15";"0"
"1326";"15";"0"
"1327";"15";"0"
"1328";"15";"0"
"1329";"15";"0"
"1330";"15";"0"
"1331";"15";"0"
"1332";"15";"0"
"1333";"15";"1"
"1334";"15";"0"
"1335";"15";"1"
"1336";"15";"0"
"1337";"15";"0"
"1338";"15";"0"
"1339";"15";"0"
"1340";"15";"0"
"1341";"15";"0"
"1342";"15";"0"
"1343";"15";"0"
"1344";"15";"0"
"1345";"15";"0"
"1346";"15";"0"
"1347";"15";"0"
"1348";"15";"1"
"1349";"15";"0"
"1350";"15";"1"
"1351";"15";"1"
"1352";"15";"0"
"1353";"15";"1"
"1354";"15";"1"
"1355";"15";"0"
"1356";"14";"2"
"1357";"14";"2"
"1358";"15";"0"
"1359";"14";"2"
"1360";"14";"2"
"1361";"15";"0"
"1362";"14";"2"
"1363";"14";"2"
"1364";"15";"0"
"1365";"14";"2"
"1366";"14";"2"
"1367";"15";"1"
"1368";"14";"2"
"1369";"14";"2"
"1370";"15";"0"
"1371";"14";"2"
"1372";"14";"2"
"1373";"15";"0"
"1374";"14";"2"
"1375";"14";"2"
"1376";"15";"0"
"1377";"14";"2"
"1378";"14";"2"
"1379";"14";"0"
"1380";"14";"1"
"1381";"14";"1"
"1382";"14";"0"
"1383";"14";"1"
"1384";"14";"2"
"1385";"14";"0"
"1386";"14";"1"
"1387";"14";"1"
"1388";"14";"0"
"1389";"14";"1"
"1390";"14";"1"
"1391";"14";"0"
"1392";"14";"0"
"1393";"14";"1"
"1394";"14";"0"
"1395";"14";"0"
"1396";"14";"0"
"1397";"14";"0"
"1398";"14";"0"
"1399";"14";"1"
"1400";"14";"0"
"1401";"14";"1"
"1402";"14";"0"
"1403";"14";"0"
"1404";"14";"0"
"1405";"14";"0"
"1406";"14";"0"
"1407";"14";"0"
"1408";"14";"0"
"1409";"14";"0"
"1410";"14";"0"
"1411";"14";"1"
"1412";"14";"0"
"1413";"14";"0"
"1414";"14";"0"
"1415";"14";"0"
"1416";"14";"0"
"1417";"14";"0"
"1418";"14";"0"
"1419";"14";"0"
"1420";"14";"0"
"1421";"14";"0"
"1422";"13";"1"
"1423";"14";"0"
"1424";"14";"0"
"1425";"13";"1"
"1426";"14";"0"
"1427";"14";"0"
"1428";"13";"1"
"1429";"13";"1"
"1430";"14";"0"
"1431";"14";"1"
"1432";"14";"1"
"1433";"14";"0"
"1434";"14";"1"
"1435";"13";"1"
"1436";"14";"0"
"1437";"14";"1"
"1438";"14";"1"
"1439";"14";"1"
"1440";"13";"2"
"1441";"14";"1"
"1442";"13";"2"
"1443";"11";"4"
"1444";"11";"4"
"1445";"13";"2"
"1446";"11";"4"
"1447";"12";"3"
"1448";"13";"2"
"1449";"10";"4"
"1450";"9";"6"
"1451";"13";"2"
"1452";"7";"8"
"1453";"7";"8"
"1454";"13";"2"
"1455";"5";"9"
"1456";"7";"7"
"1457";"12";"2"
"1458";"6";"8"
"1459";"6";"8"
"1460";"11";"3"
"1461";"6";"8"
"1462";"6";"8"
"1463";"10";"4"
"1464";"7";"9"
"1465";"7";"9"
"1466";"12";"4"
"1467";"9";"9"
"1468";"8";"11"
"1469";"14";"5"
"1470";"11";"10"
"1471";"10";"11"
"1472";"10";"8"
"1473";"6";"12"
"1474";"5";"13"
"1475";"11";"7"
"1476";"9";"13"
"1477";"9";"12"
"1478";"13";"8"
"1479";"13";"13"
"1480";"11";"13"
"1481";"15";"9"
"1482";"12";"14"
"1483";"11";"15"
"1484";"15";"10"
"1485";"14";"15"
"1486";"12";"14"
"1487";"15";"8"
"1488";"13";"16"
"1489";"12";"16"
"1490";"15";"7"
"1491";"11";"16"
"1492";"13";"14"
"1493";"9";"13"
"1494";"8";"14"
"1495";"6";"12"
"1496";"8";"10"
"1497";"6";"12"
"1498";"6";"9"
"1499";"4";"13"
"1500";"4";"11"
"1501";"4";"12"
"1502";"3";"13"
"1503";"3";"13"
"1504";"2";"13"
"1505";"4";"11"
"1506";"6";"9"
"1507";"6";"9"
"1508";"4";"7"
"1509";"2";"9"
"1510";"2";"9"
"1511";"1";"11"
"1512";"0";"10"
"1513";"0";"11"
"1514";"5";"6"
"1515";"4";"11"
"1516";"3";"11"
"1517";"4";"10"
"1518";"0";"13"
"1519";"0";"15"
"1520";"7";"8"
"1521";"5";"12"
"1522";"4";"12"
"1523";"10";"6"
"1524";"8";"14"
"1525";"6";"16"
"1526";"15";"5"
"1527";"11";"18"
"1528";"8";"19"
"1529";"15";"4"
"1530";"9";"15"
"1531";"11";"13"
"1532";"15";"6"
"1533";"10";"15"
"1534";"11";"14"
"1535";"15";"4"
"1536";"9";"15"
"1537";"9";"15"
"1538";"15";"6"
"1539";"10";"15"
"1540";"8";"17"
"1541";"15";"7"
"1542";"13";"16"
"1543";"12";"15"
"1544";"15";"7"
"1545";"12";"11"
"1546";"12";"13"
"1547";"15";"9"
"1548";"14";"11"
"1549";"14";"10"
"1550";"15";"6"
"1551";"11";"13"
"1552";"11";"13"
"1553";"15";"5"
"1554";"8";"17"
"1555";"11";"14"
"1556";"15";"9"
"1557";"12";"14"
"1558";"14";"12"
"1559";"12";"10"
"1560";"9";"13"
"1561";"6";"15"
"1562";"11";"10"
"1563";"8";"14"
"1564";"5";"18"
"1565";"8";"15"
"1566";"8";"15"
"1567";"8";"13"
"1568";"9";"12"
"1569";"4";"17"
"1570";"3";"14"
"1571";"6";"11"
"1572";"2";"15"
"1573";"2";"15"
"1574";"0";"17"
"1575";"0";"15"
"1576";"2";"13"
"1577";"0";"16"
"1578";"0";"13"
"1579";"0";"15"
"1580";"2";"13"
"1581";"1";"13"
"1582";"0";"16"
"1583";"5";"11"
"1584";"0";"18"
"1585";"1";"17"
"1586";"6";"12"
"1587";"5";"15"
"1588";"5";"17"
"1589";"12";"10"
"1590";"10";"14"
"1591";"8";"16"
"1592";"14";"10"
"1593";"10";"17"
"1594";"12";"15"
"1595";"15";"8"
"1596";"11";"15"
"1597";"14";"12"
"1598";"13";"11"
"1599";"11";"14"
"1600";"13";"12"
"1601";"14";"11"
"1602";"15";"10"
"1603";"15";"9"
"1604";"14";"10"
"1605";"14";"10"
"1606";"13";"14"
"1607";"12";"14"
"1608";"15";"11"
"1609";"13";"16"
"1610";"15";"11"
"1611";"11";"17"
"1612";"14";"14"
"1613";"14";"12"
"1614";"11";"15"
"1615";"12";"14"
"1616";"8";"15"
"1617";"10";"13"
"1618";"9";"13"
"1619";"7";"13"
"1620";"7";"13"
"1621";"7";"10"
"1622";"6";"9"
"1623";"5";"12"
"1624";"7";"10"
"1625";"4";"13"
"1626";"4";"13"
"1627";"5";"12"
"1628";"3";"14"
"1629";"4";"13"
"1630";"3";"14"
"1631";"0";"13"
"1632";"1";"12"
"1633";"1";"12"
"1634";"0";"14"
"1635";"4";"10"
"1636";"2";"13"
"1637";"5";"10"
"1638";"5";"11"
"1639";"2";"17"
"1640";"1";"15"
"1641";"2";"14"
"1642";"2";"15"
"1643";"1";"16"
"1644";"1";"17"
"1645";"1";"16"
"1646";"0";"14"
"1647";"0";"16"
"1648";"0";"17"
"1649";"5";"12"
"1650";"1";"16"
"1651";"0";"17"
"1652";"5";"12"
"1653";"4";"15"
"1654";"1";"18"
"1655";"5";"14"
"1656";"3";"17"
"1657";"3";"17"
"1658";"3";"15"
"1659";"2";"16"
"1660";"0";"15"
"1661";"0";"13"
"1662";"0";"14"
"1663";"0";"14"
"1664";"0";"12"
"1665";"0";"17"
"1666";"1";"16"
"1667";"0";"15"
"1668";"0";"17"
"1669";"3";"14"
"1670";"1";"12"
"1671";"0";"17"
"1672";"0";"17"
"1673";"6";"11"
"1674";"2";"15"
"1675";"2";"14"
"1676";"1";"13"
"1677";"0";"15"
"1678";"0";"17"
"1679";"4";"13"
"1680";"2";"15"
"1681";"0";"18"
"1682";"0";"14"
"1683";"0";"19"
"1684";"0";"18"
"1685";"0";"16"
"1686";"0";"17"
"1687";"0";"15"
"1688";"0";"13"
"1689";"0";"16"
"1690";"0";"16"
"1691";"0";"13"
"1692";"0";"17"
"1693";"2";"15"
"1694";"2";"11"
"1695";"0";"14"
"1696";"0";"15"
"1697";"0";"12"
"1698";"0";"17"
"1699";"4";"13"
"1700";"4";"10"
"1701";"4";"13"
"1702";"5";"12"
"1703";"9";"8"
"1704";"8";"14"
"1705";"6";"16"
"1706";"12";"10"
"1707";"11";"15"
"1708";"10";"14"
"1709";"15";"9"
"1710";"13";"13"
"1711";"15";"10"
"1712";"15";"6"
"1713";"13";"10"
"1714";"11";"12"
"1715";"13";"10"
"1716";"13";"10"
"1717";"11";"12"
"1718";"12";"11"
"1719";"10";"12"
"1720";"13";"9"
"1721";"12";"9"
"1722";"11";"10"
"1723";"11";"9"
"1724";"12";"8"
"1725";"11";"9"
"1726";"11";"9"
"1727";"10";"10"
"1728";"11";"9"
"1729";"11";"9"
"1730";"11";"10"
"1731";"10";"11"
"1732";"12";"9"
"1733";"11";"9"
"1734";"9";"11"
"1735";"9";"8"
"1736";"7";"12"
"1737";"7";"12"
"1738";"6";"12"
"1739";"6";"10"
"1740";"4";"15"
"1741";"5";"14"
"1742";"4";"11"
"1743";"2";"13"
"1744";"2";"12"
"1745";"1";"11"
"1746";"1";"13"
"1747";"0";"13"
"1748";"4";"9"
"1749";"2";"13"
"1750";"2";"13"
"1751";"1";"11"
"1752";"1";"13"
"1753";"1";"13"
"1754";"6";"8"
"1755";"5";"12"
"1756";"5";"12"
"1757";"10";"7"
"1758";"8";"10"
"1759";"9";"9"
"1760";"8";"6"
"1761";"6";"10"
"1762";"5";"11"
"1763";"9";"7"
"1764";"9";"9"
"1765";"7";"10"
"1766";"7";"10"
"1767";"7";"11"
"1768";"9";"9"
"1769";"10";"8"
"1770";"9";"9"
"1771";"8";"10"
"1772";"8";"12"
"1773";"8";"10"
"1774";"8";"13"
"1775";"14";"7"
"1776";"13";"12"
"1777";"15";"9"
"1778";"14";"9"
"1779";"14";"9"
"1780";"15";"8"
"1781";"14";"10"
"1782";"15";"8"
"1783";"14";"10"
"1784";"14";"9"
"1785";"14";"10"
"1786";"13";"10"
"1787";"15";"8"
"1788";"15";"9"
"1789";"13";"11"
"1790";"15";"6"
"1791";"14";"8"
"1792";"14";"9"
"1793";"15";"6"
"1794";"12";"11"
"1795";"14";"9"
"1796";"15";"5"
"1797";"15";"7"
"1798";"14";"11"
"1799";"15";"6"
"1800";"14";"11"
"1801";"13";"11"
"1802";"15";"5"
"1803";"14";"10"
"1804";"14";"8"
"1805";"14";"7"
"1806";"14";"7"
"1807";"14";"6"
"1808";"13";"6"
"1809";"12";"7"
"1810";"10";"9"
"1811";"5";"13"
"1812";"10";"8"
"1813";"9";"8"
"1814";"9";"8"
"1815";"9";"8"
"1816";"9";"11"
"1817";"6";"11"
"1818";"8";"9"
"1819";"10";"7"
"1820";"9";"7"
"1821";"9";"7"
"1822";"9";"9"
"1823";"7";"8"
"1824";"8";"7"
"1825";"8";"7"
"1826";"5";"11"
"1827";"8";"8"
"1828";"8";"7"
"1829";"7";"8"
"1830";"9";"6"
"1831";"9";"6"
"1832";"6";"9"
"1833";"9";"6"
"1834";"9";"7"
"1835";"7";"8"
"1836";"8";"7"
"1837";"7";"9"
"1838";"10";"6"
"1839";"10";"6"
"1840";"9";"7"
"1841";"12";"4"
"1842";"12";"6"
"1843";"12";"5"
"1844";"10";"6"
"1845";"10";"6"
"1846";"11";"5"
"1847";"9";"7"
"1848";"7";"9"
"1849";"6";"8"
"1850";"7";"7"
"1851";"7";"6"
"1852";"7";"7"
"1853";"7";"6"
"1854";"8";"5"
"1855";"7";"6"
"1856";"7";"4"
"1857";"7";"7"
"1858";"6";"10"
"1859";"6";"8"
"1860";"4";"10"
"1861";"10";"4"
"1862";"9";"3"
"1863";"9";"5"
"1864";"11";"3"
"1865";"9";"4"
"1866";"10";"3"
"1867";"10";"3"
"1868";"9";"4"
"1869";"10";"3"
"1870";"10";"5"
"1871";"11";"4"
"1872";"11";"4"
"1873";"11";"4"
"1874";"8";"6"
"1875";"8";"5"
"1876";"7";"6"
"1877";"5";"7"
"1878";"7";"5"
"1879";"7";"5"
"1880";"3";"6"
"1881";"4";"5"
"1882";"2";"5"
"1883";"0";"7"
"1884";"0";"8"
"1885";"0";"9"
"1886";"0";"10"
"1887";"0";"10"
"1888";"0";"10"
"1889";"0";"10"
"1890";"0";"10"
"1891";"0";"10"
"1892";"0";"13"
"1893";"0";"12"
"1894";"3";"9"
"1895";"0";"13"
"1896";"0";"12"
"1897";"1";"11"
"1898";"1";"11"
"1899";"0";"15"
"1900";"3";"12"
"1901";"1";"14"
"1902";"0";"15"
"1903";"0";"15"
"1904";"3";"12"
"1905";"3";"13"
"1906";"4";"12"
"1907";"6";"10"
"1908";"5";"10"
"1909";"4";"11"
"1910";"5";"10"
"1911";"4";"10"
"1912";"3";"13"
"1913";"7";"9"
"1914";"6";"11"
"1915";"8";"9"
"1916";"9";"8"
"1917";"8";"8"
"1918";"10";"6"
"1919";"10";"6"
"1920";"8";"8"
"1921";"8";"7"
"1922";"11";"4"
"1923";"11";"7"
"1924";"11";"6"
"1925";"14";"3"
"1926";"12";"5"
"1927";"12";"5"
"1928";"11";"6"
"1929";"12";"5"
"1930";"12";"5"
"1931";"10";"7"
"1932";"13";"4"
"1933";"13";"3"
"1934";"10";"7"
"1935";"13";"4"
"1936";"12";"4"
"1937";"11";"6"
"1938";"14";"3"
"1939";"14";"3"
"1940";"12";"4"
"1941";"13";"3"
"1942";"13";"3"
"1943";"12";"5"
"1944";"15";"2"
"1945";"14";"4"
"1946";"14";"4"
"1947";"13";"5"
"1948";"13";"4"
"1949";"14";"3"
"1950";"13";"4"
"1951";"14";"3"
"1952";"14";"3"
"1953";"13";"5"
"1954";"13";"4"
"1955";"15";"2"
"1956";"15";"4"
"1957";"15";"4"
"1958";"15";"3"
"1959";"15";"3"
"1960";"15";"4"
"1961";"15";"2"
"1962";"15";"1"
"1963";"15";"2"
"1964";"15";"1"
"1965";"15";"1"
"1966";"15";"1"
"1967";"15";"0"
"1968";"15";"3"
"1969";"15";"3"
"1970";"15";"0"
"1971";"15";"1"
"1972";"15";"2"
"1973";"15";"0"
"1974";"15";"1"
"1975";"15";"1"
"1976";"15";"0"
"1977";"15";"0"
"1978";"15";"1"
"1979";"15";"0"
"1980";"15";"0"
"1981";"15";"0"
"1982";"15";"0"
"1983";"15";"0"
"1984";"14";"2"
"1985";"14";"1"
"1986";"14";"2"
"1987";"15";"1"
"1988";"15";"0"
"1989";"15";"1"
"1990";"15";"0"
"1991";"15";"0"
"1992";"15";"0"
"1993";"15";"0"
"1994";"15";"1"
"1995";"14";"2"
"1996";"14";"1"
"1997";"15";"0"
"1998";"14";"2"
"1999";"14";"2"
"2000";"15";"0"
"2001";"14";"2"
"2002";"14";"2"
"2003";"15";"1"
"2004";"14";"3"
"2005";"14";"2"
"2006";"14";"2"
"2007";"14";"4"
"2008";"13";"5"
"2009";"13";"5"
"2010";"11";"6"
"2011";"12";"5"
"2012";"11";"6"
"2013";"10";"4"
"2014";"10";"4"
"2015";"8";"8"
"2016";"10";"6"
"2017";"9";"5"
"2018";"7";"6"
"2019";"8";"5"
"2020";"8";"5"
"2021";"7";"7"
"2022";"6";"6"
"2023";"6";"7"
"2024";"3";"9"
"2025";"5";"7"
"2026";"5";"6"
"2027";"2";"9"
"2028";"4";"7"
"2029";"6";"5"
"2030";"5";"6"
"2031";"6";"5"
"2032";"5";"5"
"2033";"3";"7"
"2034";"1";"6"
"2035";"0";"7"
"2036";"3";"4"
"2037";"3";"3"
"2038";"2";"4"
"2039";"3";"3"
"2040";"2";"3"
"2041";"3";"2"
"2042";"3";"3"
"2043";"3";"3"
"2044";"3";"2"
"2045";"3";"2"
"2046";"3";"2"
"2047";"3";"4"
"2048";"3";"2"
"2049";"2";"2"
"2050";"2";"2"
"2051";"2";"3"
"2052";"0";"4"
"2053";"0";"5"
"2054";"3";"2"
"2055";"2";"5"
"2056";"4";"3"
"2057";"4";"2"
"2058";"3";"3"
"2059";"3";"3"
"2060";"3";"3"
"2061";"2";"5"
"2062";"2";"3"
"2063";"4";"1"
"2064";"3";"3"
"2065";"1";"5"
"2066";"5";"1"
"2067";"5";"2"
"2068";"5";"3"
"2069";"5";"1"
"2070";"5";"3"
"2071";"5";"1"
"2072";"5";"1"
"2073";"5";"1"
"2074";"5";"2"
"2075";"5";"0"
"2076";"5";"1"
"2077";"4";"2"
"2078";"6";"0"
"2079";"5";"2"
"2080";"6";"1"
"2081";"6";"1"
"2082";"6";"2"
"2083";"6";"1"
"2084";"6";"0"
"2085";"6";"1"
"2086";"6";"1"
"2087";"6";"1"
"2088";"6";"2"
"2089";"6";"2"
"2090";"6";"0"
"2091";"6";"2"
"2092";"6";"2"
"2093";"6";"1"
"2094";"6";"1"
"2095";"6";"1"
"2096";"6";"2"
"2097";"6";"1"
"2098";"6";"3"
"2099";"6";"1"
"2100";"5";"4"
"2101";"7";"2"
"2102";"7";"2"
"2103";"7";"3"
"2104";"7";"3"
"2105";"7";"1"
"2106";"6";"4"
"2107";"6";"2"
"2108";"6";"2"
"2109";"5";"3"
"2110";"5";"3"
"2111";"6";"2"
"2112";"6";"2"
"2113";"6";"2"
"2114";"5";"3"
"2115";"6";"2"
"2116";"6";"3"
"2117";"5";"3"
"2118";"5";"4"
"2119";"6";"3"
"2120";"5";"3"
"2121";"5";"4"
"2122";"5";"3"
"2123";"5";"4"
"2124";"5";"5"
"2125";"5";"5"
"2126";"5";"5"
"2127";"5";"6"
"2128";"3";"5"
"2129";"3";"5"
"2130";"2";"5"
"2131";"2";"5"
"2132";"1";"7"
"2133";"3";"5"
"2134";"4";"4"
"2135";"2";"7"
"2136";"4";"5"
"2137";"0";"8"
"2138";"0";"7"
"2139";"1";"6"
"2140";"1";"6"
"2141";"1";"8"
"2142";"0";"8"
"2143";"1";"7"
"2144";"1";"8"
"2145";"0";"9"
"2146";"2";"7"
"2147";"2";"7"
"2148";"1";"8"
"2149";"0";"8"
"2150";"1";"7"
"2151";"0";"8"
"2152";"0";"8"
"2153";"3";"5"
"2154";"1";"7"
"2155";"4";"4"
"2156";"3";"3"
"2157";"2";"4"
"2158";"2";"3"
"2159";"1";"5"
"2160";"3";"3"
"2161";"2";"3"
"2162";"0";"5"
"2163";"1";"4"
"2164";"1";"4"
"2165";"1";"4"
"2166";"0";"4"
"2167";"0";"6"
"2168";"0";"6"
"2169";"1";"5"
"2170";"1";"5"
"2171";"0";"5"
"2172";"0";"5"
"2173";"0";"5"
"2174";"0";"6"
"2175";"0";"7"
"2176";"2";"5"
"2177";"2";"5"
"2178";"4";"3"
"2179";"5";"2"
"2180";"4";"3"
"2181";"2";"5"
"2182";"2";"6"
"2183";"5";"3"
"2184";"5";"4"
"2185";"4";"5"
"2186";"5";"4"
"2187";"6";"3"
"2188";"6";"3"
"2189";"5";"4"
"2190";"5";"4"
"2191";"5";"4"
"2192";"6";"3"
"2193";"6";"2"
"2194";"6";"2"
"2195";"6";"4"
"2196";"6";"2"
"2197";"6";"2"
"2198";"6";"2"
"2199";"6";"2"
"2200";"5";"3"
"2201";"7";"1"
"2202";"7";"1"
"2203";"7";"3"
"2204";"7";"1"
"2205";"7";"1"
"2206";"7";"1"
"2207";"7";"1"
"2208";"7";"1"
"2209";"7";"2"
"2210";"7";"2"
"2211";"7";"0"
"2212";"7";"1"
"2213";"7";"1"
"2214";"7";"2"
"2215";"7";"0"
"2216";"7";"0"
"2217";"7";"1"
"2218";"7";"1"
"2219";"7";"0"
"2220";"7";"1"
"2221";"7";"1"
"2222";"7";"1"
"2223";"7";"1"
"2224";"7";"1"
"2225";"7";"1"
"2226";"7";"1"
"2227";"6";"2"
"2228";"7";"1"
"2229";"7";"1"
"2230";"7";"1"
"2231";"7";"2"
"2232";"7";"1"
"2233";"7";"1"
"2234";"7";"1"
"2235";"7";"1"
"2236";"7";"1"
"2237";"7";"1"
"2238";"7";"1"
"2239";"6";"2"
"2240";"8";"0"
"2241";"7";"2"
"2242";"8";"1"
"2243";"8";"2"
"2244";"8";"1"
"2245";"8";"1"
"2246";"8";"1"
"2247";"7";"2"
"2248";"8";"1"
"2249";"8";"1"
"2250";"8";"1"
"2251";"8";"1"
"2252";"8";"0"
"2253";"8";"1"
"2254";"8";"1"
"2255";"8";"1"
"2256";"7";"2"
"2257";"8";"1"
"2258";"8";"1"
"2259";"7";"3"
"2260";"7";"2"
"2261";"8";"1"
"2262";"8";"1"
"2263";"7";"2"
"2264";"8";"1"
"2265";"7";"2"
"2266";"8";"1"
"2267";"8";"1"
"2268";"8";"1"
"2269";"8";"1"
"2270";"8";"3"
"2271";"8";"1"
"2272";"8";"2"
"2273";"8";"1"
"2274";"8";"2"
"2275";"6";"3"
"2276";"7";"2"
"2277";"6";"3"
"2278";"7";"2"
"2279";"7";"2"
"2280";"6";"3"
"2281";"6";"3"
"2282";"6";"3"
"2283";"6";"2"
"2284";"5";"3"
"2285";"6";"2"
"2286";"6";"2"
"2287";"5";"3"
"2288";"6";"2"
"2289";"5";"3"
"2290";"6";"2"
"2291";"6";"1"
"2292";"6";"2"
"2293";"5";"3"
"2294";"6";"2"
"2295";"6";"2"
"2296";"4";"4"
"2297";"7";"1"
"2298";"7";"2"
"2299";"7";"1"
"2300";"7";"1"
"2301";"5";"3"
"2302";"5";"2"
"2303";"5";"2"
"2304";"5";"2"
"2305";"4";"3"
"2306";"4";"2"
"2307";"4";"3"
"2308";"3";"4"
"2309";"5";"2"
"2310";"4";"3"
"2311";"5";"2"
"2312";"5";"3"
"2313";"5";"3"
"2314";"4";"5"
"2315";"6";"3"
"2316";"6";"4"
"2317";"5";"3"
"2318";"5";"3"
"2319";"5";"3"
"2320";"5";"3"
"2321";"5";"3"
"2322";"5";"4"
"2323";"5";"4"
"2324";"5";"3"
"2325";"5";"4"
"2326";"7";"2"
"2327";"7";"2"
"2328";"7";"3"
"2329";"7";"2"
"2330";"7";"2"
"2331";"7";"3"
"2332";"6";"3"
"2333";"7";"2"
"2334";"7";"2"
"2335";"7";"2"
"2336";"7";"3"
"2337";"7";"2"
"2338";"7";"3"
"2339";"8";"2"
"2340";"8";"2"
"2341";"8";"3"
"2342";"8";"2"
"2343";"8";"2"
"2344";"8";"1"
"2345";"8";"2"
"2346";"8";"1"
"2347";"8";"2"
"2348";"8";"2"
"2349";"8";"2"
"2350";"8";"3"
"2351";"8";"2"
"2352";"8";"3"
"2353";"8";"4"
"2354";"8";"3"
"2355";"8";"3"
"2356";"7";"2"
"2357";"7";"2"
"2358";"7";"2"
"2359";"7";"2"
"2360";"7";"1"
"2361";"7";"1"
"2362";"7";"1"
"2363";"7";"1"
"2364";"7";"1"
"2365";"7";"1"
"2366";"7";"1"
"2367";"7";"1"
"2368";"7";"1"
"2369";"6";"2"
"2370";"7";"1"
"2371";"7";"1"
"2372";"6";"2"
"2373";"7";"1"
"2374";"7";"1"
"2375";"7";"2"
"2376";"9";"0"
"2377";"9";"0"
"2378";"8";"2"
"2379";"10";"0"
"2380";"10";"0"
"2381";"10";"2"
"2382";"9";"3"
"2383";"10";"2"
"2384";"10";"2"
"2385";"10";"4"
"2386";"10";"1"
"2387";"10";"2"
"2388";"10";"3"
"2389";"10";"3"
"2390";"10";"3"
"2391";"9";"3"
"2392";"9";"3"
"2393";"9";"3"
"2394";"9";"3"
"2395";"9";"1"
"2396";"9";"1"
"2397";"9";"1"
"2398";"9";"1"
"2399";"9";"1"
"2400";"9";"1"
"2401";"9";"1"
"2402";"9";"1"
"2403";"9";"1"
"2404";"9";"1"
"2405";"9";"1"
"2406";"9";"1"
"2407";"9";"1"
"2408";"9";"1"
"2409";"9";"1"
"2410";"9";"1"
"2411";"9";"1"
"2412";"9";"1"
"2413";"9";"1"
"2414";"9";"1"
"2415";"9";"1"
"2416";"9";"1"
"2417";"9";"2"
"2418";"9";"1"
"2419";"9";"1"
"2420";"9";"2"
"2421";"9";"1"
"2422";"9";"1"
"2423";"9";"2"
"2424";"9";"1"
"2425";"9";"1"
"2426";"9";"1"
"2427";"9";"1"
"2428";"9";"0"
"2429";"9";"0"
"2430";"9";"2"
"2431";"9";"3"
"2432";"9";"1"
"2433";"9";"1"
"2434";"9";"1"
"2435";"9";"1"
"2436";"9";"1"
"2437";"9";"1"
"2438";"9";"2"
"2439";"8";"1"
"2440";"8";"1"
"2441";"7";"2"
"2442";"8";"1"
"2443";"8";"1"
"2444";"7";"2"
"2445";"7";"2"
"2446";"8";"1"
"2447";"6";"3"
"2448";"7";"2"
"2449";"7";"2"
"2450";"6";"3"
"2451";"7";"2"
"2452";"7";"2"
"2453";"6";"3"
"2454";"8";"1"
"2455";"7";"2"
"2456";"7";"3"
"2457";"8";"2"
"2458";"8";"2"
"2459";"7";"3"
"2460";"7";"3"
"2461";"6";"4"
"2462";"5";"3"
"2463";"6";"2"
"2464";"6";"2"
"2465";"6";"2"
"2466";"6";"2"
"2467";"6";"2"
"2468";"6";"2"
"2469";"6";"2"
"2470";"6";"2"
"2471";"6";"1"
"2472";"6";"1"
"2473";"6";"1"
"2474";"6";"1"
"2475";"6";"1"
"2476";"6";"1"
"2477";"6";"2"
"2478";"6";"2"
"2479";"6";"2"
"2480";"6";"1"
"2481";"6";"2"
"2482";"5";"1"
"2483";"5";"1"
"2484";"5";"1"
"2485";"5";"1"
"2486";"5";"1"
"2487";"5";"1"
"2488";"5";"1"
"2489";"5";"1"
"2490";"5";"1"
"2491";"6";"0"
"2492";"5";"1"
"2493";"6";"0"
"2494";"6";"0"
"2495";"5";"1"
"2496";"6";"0"
"2497";"6";"0"
"2498";"5";"1"
"2499";"6";"0"
"2500";"6";"0"
"2501";"6";"1"
"2502";"6";"0"
"2503";"6";"0"
"2504";"6";"1"
"2505";"6";"0"
"2506";"6";"0"
"2507";"6";"0"
"2508";"6";"0"
"2509";"6";"0"
"2510";"6";"2"
"2511";"6";"1"
"2512";"6";"2"
"2513";"6";"2"
"2514";"5";"4"
"2515";"6";"3"
"2516";"6";"3"
"2517";"5";"3"
"2518";"5";"3"
"2519";"5";"3"
"2520";"4";"3"
"2521";"4";"3"
"2522";"4";"3"
"2523";"4";"2"
"2524";"4";"2"
"2525";"4";"2"
"2526";"4";"2"
"2527";"4";"2"
"2528";"4";"2"
"2529";"4";"2"
"2530";"4";"2"
"2531";"4";"2"
"2532";"4";"2"
"2533";"4";"2"
"2534";"4";"2"
"2535";"4";"2"
"2536";"4";"2"
"2537";"4";"2"
"2538";"4";"2"
"2539";"4";"2"
"2540";"4";"2"
"2541";"4";"2"
"2542";"4";"2"
"2543";"4";"2"
"2544";"4";"2"
"2545";"4";"2"
"2546";"3";"3"
"2547";"3";"3"
"2548";"4";"2"
"2549";"4";"3"
"2550";"4";"2"
"2551";"4";"2"
"2552";"4";"4"
"2553";"4";"2"
"2554";"4";"2"
"2555";"4";"2"
"2556";"4";"2"
"2557";"4";"2"
"2558";"4";"2"
"2559";"4";"2"
"2560";"4";"2"
"2561";"4";"2"
"2562";"4";"2"
"2563";"4";"2"
"2564";"4";"2"
"2565";"4";"2"
"2566";"4";"1"
"2567";"4";"1"
"2568";"4";"1"
"2569";"4";"1"
"2570";"4";"1"
"2571";"4";"1"
"2572";"4";"0"
"2573";"4";"0"
"2574";"4";"0"
"2575";"4";"0"
"2576";"4";"0"
"2577";"4";"0"
"2578";"4";"0"
"2579";"4";"0"
"2580";"4";"0"
"2581";"4";"0"
"2582";"4";"0"
"2583";"4";"0"
"2584";"4";"0"
"2585";"4";"0"
"2586";"4";"0"
"2587";"4";"0"
"2588";"4";"0"
"2589";"4";"0"
"2590";"4";"0"
"2591";"4";"0"
"2592";"4";"0"
"2593";"4";"0"
"2594";"4";"0"
"2595";"4";"0"
"2596";"4";"0"
"2597";"4";"0"
"2598";"4";"0"
"2599";"4";"0"
"2600";"4";"0"
"2601";"4";"0"
"2602";"4";"0"
"2603";"4";"0"
"2604";"4";"0"
"2605";"4";"0"
"2606";"4";"0"
"2607";"4";"0"
"2608";"4";"0"
"2609";"4";"0"
"2610";"4";"0"
"2611";"4";"0"
"2612";"4";"0"
"2613";"4";"0"
"2614";"4";"0"
"2615";"4";"0"
"2616";"4";"0"
"2617";"4";"0"
"2618";"4";"0"
"2619";"4";"0"
"2620";"4";"0"
"2621";"4";"0"
"2622";"4";"0"
"2623";"4";"0"
"2624";"4";"0"
"2625";"4";"0"
"2626";"4";"0"
"2627";"4";"0"
"2628";"4";"1"
"2629";"4";"1"
"2630";"4";"1"
"2631";"4";"1"
"2632";"4";"1"
"2633";"3";"1"
"2634";"3";"1"
"2635";"3";"1"
"2636";"3";"1"
"2637";"3";"1"
"2638";"3";"1"
"2639";"3";"1"
"2640";"3";"2"
"2641";"2";"4"
"2642";"2";"3"
"2643";"2";"3"
"2644";"2";"3"
"2645";"0";"6"
"2646";"3";"3"
"2647";"1";"4"
"2648";"1";"5"
"2649";"1";"4"
"2650";"0";"5"
"2651";"0";"5"
"2652";"0";"7"
"2653";"0";"7"
"2654";"2";"5"
"2655";"2";"5"
"2656";"2";"5"
"2657";"0";"7"
"2658";"1";"6"
"2659";"2";"5"
"2660";"2";"5"
"2661";"2";"4"
"2662";"2";"4"
"2663";"2";"5"
"2664";"2";"4"
"2665";"2";"4"
"2666";"2";"5"
"2667";"2";"5"
"2668";"2";"5"
"2669";"2";"6"
"2670";"2";"6"
"2671";"2";"7"
"2672";"2";"6"
"2673";"2";"5"
"2674";"2";"5"
"2675";"3";"4"
"2676";"1";"6"
"2677";"1";"6"
"2678";"2";"5"
"2679";"2";"7"
"2680";"2";"7"
"2681";"2";"4"
"2682";"2";"5"
"2683";"2";"6"
"2684";"4";"4"
"2685";"2";"5"
"2686";"3";"4"
"2687";"3";"3"
"2688";"3";"4"
"2689";"3";"4"
"2690";"3";"2"
"2691";"3";"4"
"2692";"3";"4"
"2693";"6";"1"
"2694";"5";"3"
"2695";"5";"3"
"2696";"7";"1"
"2697";"6";"2"
"2698";"6";"3"
"2699";"8";"1"
"2700";"7";"3"
"2701";"7";"3"
"2702";"9";"1"
"2703";"8";"2"
"2704";"8";"1"
"2705";"9";"0"
"2706";"8";"2"
"2707";"8";"2"
"2708";"8";"1"
"2709";"8";"1"
"2710";"8";"1"
"2711";"9";"0"
"2712";"7";"2"
"2713";"7";"2"
"2714";"8";"1"
"2715";"7";"2"
"2716";"7";"2"
"2717";"9";"0"
"2718";"7";"2"
"2719";"8";"1"
"2720";"9";"0"
"2721";"8";"1"
"2722";"8";"1"
"2723";"9";"0"
"2724";"8";"1"
"2725";"8";"3"
"2726";"11";"0"
"2727";"10";"3"
"2728";"10";"3"
"2729";"13";"0"
"2730";"12";"4"
"2731";"11";"4"
"2732";"14";"1"
"2733";"13";"4"
"2734";"13";"3"
"2735";"15";"1"
"2736";"14";"3"
"2737";"14";"4"
"2738";"15";"3"
"2739";"13";"6"
"2740";"13";"5"
"2741";"15";"2"
"2742";"15";"3"
"2743";"15";"4"
"2744";"15";"2"
"2745";"11";"6"
"2746";"14";"3"
"2747";"14";"2"
"2748";"14";"3"
"2749";"14";"4"
"2750";"14";"3"
"2751";"13";"5"
"2752";"15";"3"
"2753";"14";"4"
"2754";"15";"3"
"2755";"14";"4"
"2756";"14";"3"
"2757";"13";"6"
"2758";"13";"5"
"2759";"13";"4"
"2760";"13";"5"
"2761";"12";"7"
"2762";"15";"3"
"2763";"13";"6"
"2764";"13";"6"
"2765";"15";"3"
"2766";"14";"5"
"2767";"14";"7"
"2768";"15";"3"
"2769";"14";"6"
"2770";"14";"5"
"2771";"15";"4"
"2772";"15";"5"
"2773";"14";"5"
"2774";"15";"4"
"2775";"15";"5"
"2776";"14";"6"
"2777";"14";"5"
"2778";"14";"6"
"2779";"15";"4"
"2780";"15";"3"
"2781";"14";"6"
"2782";"13";"5"
"2783";"13";"4"
"2784";"13";"5"
"2785";"13";"7"
"2786";"15";"3"
"2787";"14";"6"
"2788";"14";"6"
"2789";"15";"1"
"2790";"12";"6"
"2791";"12";"6"
"2792";"15";"0"
"2793";"10";"7"
"2794";"11";"6"
"2795";"15";"0"
"2796";"11";"5"
"2797";"12";"4"
"2798";"15";"0"
"2799";"13";"3"
"2800";"15";"1"
"2801";"15";"0"
"2802";"14";"3"
"2803";"15";"2"
"2804";"15";"0"
"2805";"15";"1"
"2806";"15";"1"
"2807";"15";"0"
"2808";"15";"2"
"2809";"15";"1"
"2810";"15";"0"
"2811";"15";"1"
"2812";"15";"1"
"2813";"15";"0"
"2814";"15";"1"
"2815";"15";"1"
"2816";"15";"0"
"2817";"15";"1"
"2818";"15";"1"
"2819";"15";"0"
"2820";"15";"1"
"2821";"15";"1"
"2822";"15";"0"
"2823";"14";"2"
"2824";"15";"0"
"2825";"15";"0"
"2826";"15";"2"
"2827";"15";"1"
"2828";"15";"0"
"2829";"15";"1"
"2830";"15";"0"
"2831";"15";"0"
"2832";"15";"0"
"2833";"15";"0"
"2834";"15";"0"
"2835";"15";"1"
"2836";"15";"2"
"2837";"15";"0"
"2838";"15";"1"
"2839";"15";"1"
"2840";"15";"0"
"2841";"15";"1"
"2842";"15";"1"
"2843";"15";"0"
"2844";"15";"1"
"2845";"15";"1"
"2846";"15";"0"
"2847";"15";"0"
"2848";"15";"0"
"2849";"15";"0"
"2850";"15";"1"
"2851";"15";"3"
"2852";"15";"1"
"2853";"15";"2"
"2854";"15";"2"
"2855";"15";"2"
"2856";"14";"3"
"2857";"15";"2"
"2858";"15";"1"
"2859";"14";"3"
"2860";"15";"1"
"2861";"15";"0"
"2862";"15";"1"
"2863";"15";"1"
"2864";"15";"0"
"2865";"15";"0"
"2866";"15";"1"
"2867";"15";"0"
"2868";"15";"1"
"2869";"15";"0"
"2870";"15";"0"
"2871";"14";"2"
"2872";"15";"0"
"2873";"15";"0"
"2874";"15";"1"
"2875";"15";"0"
"2876";"15";"0"
"2877";"15";"0"
"2878";"15";"1"
"2879";"15";"0"
"2880";"15";"1"
"2881";"15";"2"
"2882";"15";"2"
"2883";"15";"2"
"2884";"15";"2"
"2885";"15";"2"
"2886";"15";"2"
"2887";"15";"2"
"2888";"15";"2"
"2889";"15";"2"
"2890";"14";"2"
"2891";"14";"2"
"2892";"14";"2"
"2893";"14";"2"
"2894";"13";"3"
"2895";"14";"2"
"2896";"13";"2"
"2897";"13";"2"
"2898";"13";"2"
"2899";"13";"2"
"2900";"12";"3"
"2901";"13";"2"
"2902";"13";"2"
"2903";"12";"3"
"2904";"12";"2"
"2905";"13";"1"
"2906";"12";"2"
"2907";"13";"1"
"2908";"13";"2"
"2909";"13";"2"
"2910";"12";"3"
"2911";"12";"3"
"2912";"13";"2"
"2913";"12";"2"
"2914";"13";"1"
"2915";"12";"2"
"2916";"13";"1"
"2917";"13";"1"
"2918";"12";"2"
"2919";"13";"1"
"2920";"13";"2"
"2921";"13";"1"
"2922";"13";"1"
"2923";"13";"2"
"2924";"12";"3"
"2925";"13";"2"
"2926";"13";"2"
"2927";"13";"2"
"2928";"11";"4"
"2929";"11";"3"
"2930";"12";"2"
"2931";"12";"2"
"2932";"12";"2"
"2933";"11";"3"
"2934";"12";"2"
"2935";"11";"3"
"2936";"13";"1"
"2937";"11";"2"
"2938";"11";"2"
"2939";"10";"3"
"2940";"10";"3"
"2941";"10";"4"
"2942";"14";"0"
"2943";"11";"4"
"2944";"12";"3"
"2945";"14";"1"
"2946";"12";"3"
"2947";"13";"2"
"2948";"13";"2"
"2949";"13";"3"
"2950";"13";"3"
"2951";"13";"2"
"2952";"12";"2"
"2953";"12";"2"
"2954";"12";"2"
"2955";"12";"3"
"2956";"12";"1"
"2957";"12";"2"
"2958";"12";"2"
"2959";"12";"3"
"2960";"12";"3"
"2961";"11";"3"
"2962";"11";"3"
"2963";"11";"4"
"2964";"10";"4"
"2965";"10";"5"
"2966";"12";"3"
"2967";"11";"5"
"2968";"10";"5"
"2969";"11";"4"
"2970";"10";"6"
"2971";"10";"6"
"2972";"7";"8"
"2973";"10";"5"
"2974";"9";"7"
"2975";"7";"8"
"2976";"9";"6"
"2977";"10";"5"
"2978";"8";"7"
"2979";"9";"6"
"2980";"7";"7"
"2981";"8";"6"
"2982";"6";"7"
"2983";"6";"7"
"2984";"8";"5"
"2985";"6";"6"
"2986";"5";"8"
"2987";"6";"7"
"2988";"5";"7"
"2989";"5";"8"
"2990";"7";"6"
"2991";"7";"6"
"2992";"6";"7"
"2993";"6";"8"
"2994";"9";"5"
"2995";"8";"6"
"2996";"7";"7"
"2997";"6";"7"
"2998";"7";"6"
"2999";"7";"7"
"3000";"5";"8"
"3001";"5";"7"
"3002";"6";"6"
"3003";"6";"6"
"3004";"4";"8"
"3005";"6";"6"
"3006";"4";"8"
"3007";"3";"8"
"3008";"4";"7"
"3009";"1";"10"
"3010";"1";"9"
"3011";"6";"4"
"3012";"0";"11"
"3013";"0";"12"
"3014";"5";"7"
"3015";"0";"13"
"3016";"3";"10"
"3017";"8";"5"
"3018";"5";"9"
"3019";"5";"9"
"3020";"8";"6"
"3021";"7";"7"
"3022";"7";"7"
"3023";"9";"5"
"3024";"7";"10"
"3025";"7";"7"
"3026";"10";"4"
"3027";"8";"7"
"3028";"8";"7"
"3029";"12";"3"
"3030";"9";"6"
"3031";"10";"5"
"3032";"12";"3"
"3033";"10";"5"
"3034";"10";"5"
"3035";"10";"4"
"3036";"10";"4"
"3037";"10";"5"
"3038";"12";"3"
"3039";"12";"3"
"3040";"12";"4"
"3041";"14";"2"
"3042";"12";"4"
"3043";"11";"5"
"3044";"13";"3"
"3045";"12";"4"
"3046";"12";"4"
"3047";"13";"3"
"3048";"12";"4"
"3049";"12";"4"
"3050";"11";"5"
"3051";"12";"4"
"3052";"12";"4"
"3053";"14";"2"
"3054";"12";"4"
"3055";"12";"4"
"3056";"13";"3"
"3057";"12";"4"
"3058";"12";"4"
"3059";"14";"2"
"3060";"13";"3"
"3061";"12";"4"
"3062";"14";"2"
"3063";"12";"5"
"3064";"14";"3"
"3065";"15";"1"
"3066";"14";"3"
"3067";"14";"3"
"3068";"15";"0"
"3069";"12";"5"
"3070";"12";"4"
"3071";"15";"1"
"3072";"12";"3"
"3073";"12";"3"
"3074";"12";"4"
"3075";"11";"5"
"3076";"12";"4"
"3077";"13";"3"
"3078";"11";"4"
"3079";"11";"4"
"3080";"13";"2"
"3081";"10";"4"
"3082";"10";"3"
"3083";"11";"2"
"3084";"11";"2"
"3085";"10";"5"
"3086";"13";"2"
"3087";"13";"4"
"3088";"11";"6"
"3089";"15";"1"
"3090";"12";"6"
"3091";"14";"4"
"3092";"14";"1"
"3093";"13";"4"
"3094";"13";"3"
"3095";"15";"1"
"3096";"15";"2"
"3097";"15";"2"
"3098";"15";"1"
"3099";"14";"4"
"3100";"13";"5"
"3101";"15";"1"
"3102";"12";"5"
"3103";"12";"4"
"3104";"15";"1"
"3105";"15";"1"
"3106";"15";"1"
"3107";"15";"1"
"3108";"14";"3"
"3109";"13";"4"
"3110";"15";"0"
"3111";"12";"5"
"3112";"15";"2"
"3113";"15";"0"
"3114";"14";"3"
"3115";"14";"2"
"3116";"15";"0"
"3117";"14";"2"
"3118";"13";"3"
"3119";"15";"0"
"3120";"13";"3"
"3121";"13";"2"
"3122";"14";"1"
"3123";"13";"3"
"3124";"13";"2"
"3125";"15";"0"
"3126";"14";"2"
"3127";"13";"2"
"3128";"15";"0"
"3129";"14";"1"
"3130";"14";"2"
"3131";"14";"1"
"3132";"14";"1"
"3133";"14";"3"
"3134";"15";"1"
"3135";"13";"3"
"3136";"13";"3"
"3137";"15";"1"
"3138";"13";"3"
"3139";"12";"4"
"3140";"15";"1"
"3141";"14";"2"
"3142";"14";"2"
"3143";"15";"1"
"3144";"15";"2"
"3145";"13";"4"
"3146";"15";"2"
"3147";"15";"3"
"3148";"15";"1"
"3149";"15";"0"
"3150";"14";"1"
"3151";"14";"1"
"3152";"15";"0"
"3153";"14";"1"
"3154";"14";"1"
"3155";"15";"0"
"3156";"14";"1"
"3157";"14";"1"
"3158";"15";"0"
"3159";"15";"0"
"3160";"14";"1"
"3161";"15";"0"
"3162";"15";"0"
"3163";"14";"1"
"3164";"15";"0"
"3165";"14";"1"
"3166";"14";"1"
"3167";"14";"1"
"3168";"14";"1"
"3169";"14";"1"
"3170";"15";"0"
"3171";"14";"1"
"3172";"15";"0"
"3173";"15";"0"
"3174";"15";"0"
"3175";"15";"1"
"3176";"15";"0"
"3177";"14";"2"
"3178";"14";"2"
"3179";"14";"0"
"3180";"14";"0"
"3181";"13";"1"
"3182";"13";"1"
"3183";"13";"1"
"3184";"13";"2"
"3185";"13";"1"
"3186";"13";"2"
"3187";"12";"2"
"3188";"13";"1"
"3189";"10";"3"
"3190";"11";"2"
"3191";"12";"1"
"3192";"10";"3"
"3193";"10";"3"
"3194";"12";"1"
"3195";"11";"2"
"3196";"12";"1"
"3197";"12";"1"
"3198";"12";"1"
"3199";"12";"0"
"3200";"12";"0"
"3201";"12";"0"
"3202";"12";"0"
"3203";"12";"0"
"3204";"12";"0"
"3205";"12";"0"
"3206";"12";"0"
"3207";"11";"1"
"3208";"11";"1"
"3209";"12";"0"
"3210";"11";"1"
"3211";"12";"0"
"3212";"12";"0"
"3213";"12";"0"
"3214";"12";"0"
"3215";"12";"0"
"3216";"12";"0"
"3217";"12";"0"
"3218";"12";"0"
"3219";"12";"0"
"3220";"12";"0"
"3221";"12";"0"
"3222";"12";"0"
"3223";"12";"0"
"3224";"12";"0"
"3225";"12";"0"
"3226";"12";"0"
"3227";"12";"0"
"3228";"12";"1"
"3229";"11";"1"
"3230";"12";"0"
"3231";"12";"0"
"3232";"12";"0"
"3233";"12";"0"
"3234";"12";"0"
"3235";"12";"0"
"3236";"12";"0"
"3237";"12";"0"
"3238";"12";"0"
"3239";"12";"0"
"3240";"12";"0"
"3241";"12";"0"
"3242";"12";"0"
"3243";"12";"0"
"3244";"12";"0"
"3245";"12";"0"
"3246";"12";"0"
"3247";"11";"1"
"3248";"12";"0"
"3249";"12";"0"
"3250";"12";"0"
"3251";"12";"0"
"3252";"11";"1"
"3253";"11";"1"
"3254";"12";"0"
"3255";"11";"1"
"3256";"11";"1"
"3257";"12";"0"
"3258";"11";"1"
"3259";"12";"0"
"3260";"12";"0"
"3261";"12";"0"
"3262";"12";"0"
"3263";"12";"0"
"3264";"12";"0"
"3265";"12";"0"
"3266";"12";"0"
"3267";"12";"0"
"3268";"12";"0"
"3269";"12";"0"
"3270";"12";"1"
"3271";"12";"1"
"3272";"12";"0"
"3273";"12";"0"
"3274";"12";"0"
"3275";"12";"0"
"3276";"12";"0"
"3277";"12";"0"
"3278";"12";"0"
"3279";"12";"0"
"3280";"12";"0"
"3281";"12";"0"
"3282";"12";"0"
"3283";"12";"0"
"3284";"12";"0"
"3285";"12";"0"
"3286";"12";"0"
"3287";"12";"0"
"3288";"12";"1"
"3289";"12";"1"
"3290";"12";"1"
"3291";"12";"0"
"3292";"12";"0"
"3293";"12";"0"
"3294";"12";"0"
"3295";"12";"0"
"3296";"12";"0"
"3297";"12";"0"
"3298";"12";"0"
"3299";"12";"0"
"3300";"12";"0"
"3301";"12";"0"
"3302";"12";"0"
"3303";"12";"0"
"3304";"12";"0"
"3305";"12";"0"
"3306";"12";"0"
"3307";"12";"0"
"3308";"12";"0"
"3309";"12";"0"
"3310";"12";"0"
"3311";"12";"0"
"3312";"12";"1"
"3313";"12";"1"
"3314";"12";"1"
"3315";"12";"1"
"3316";"11";"1"
"3317";"12";"0"
"3318";"12";"0"
"3319";"11";"1"
"3320";"11";"1"
"3321";"11";"2"
"3322";"11";"2"
"3323";"13";"0"
"3324";"12";"1"
"3325";"12";"2"
"3326";"14";"0"
"3327";"13";"2"
"3328";"15";"0"
"3329";"15";"0"
"3330";"15";"1"
"3331";"15";"1"
"3332";"15";"0"
"3333";"14";"1"
"3334";"14";"2"
"3335";"15";"0"
"3336";"13";"3"
"3337";"15";"1"
"3338";"15";"1"
"3339";"15";"1"
"3340";"14";"2"
"3341";"15";"0"
"3342";"15";"0"
"3343";"14";"2"
"3344";"15";"0"
"3345";"15";"1"
"3346";"15";"2"
"3347";"15";"0"
"3348";"14";"2"
"3349";"14";"2"
"3350";"15";"0"
"3351";"14";"2"
"3352";"14";"2"
"3353";"14";"2"
"3354";"14";"2"
"3355";"14";"2"
"3356";"15";"1"
"3357";"14";"2"
"3358";"15";"1"
"3359";"15";"0"
"3360";"14";"2"
"3361";"15";"1"
"3362";"14";"1"
"3363";"13";"3"
"3364";"14";"2"
"3365";"14";"2"
"3366";"14";"2"
"3367";"14";"2"
"3368";"15";"0"
"3369";"15";"0"
"3370";"15";"0"
"3371";"15";"0"
"3372";"13";"2"
"3373";"14";"1"
"3374";"15";"0"
"3375";"15";"0"
"3376";"15";"0"
"3377";"15";"0"
"3378";"15";"0"
"3379";"15";"0"
"3380";"15";"0"
"3381";"15";"0"
"3382";"15";"0"
"3383";"15";"0"
"3384";"15";"0"
"3385";"15";"0"
"3386";"15";"0"
"3387";"15";"0"
"3388";"15";"0"
"3389";"15";"0"
"3390";"15";"0"
"3391";"15";"0"
"3392";"15";"0"
"3393";"15";"0"
"3394";"15";"0"
"3395";"15";"0"
"3396";"15";"0"
"3397";"15";"0"
"3398";"15";"0"
"3399";"15";"0"
"3400";"15";"0"
"3401";"15";"0"
"3402";"15";"0"
"3403";"15";"0"
"3404";"15";"0"
"3405";"15";"0"
"3406";"15";"0"
"3407";"15";"0"
"3408";"14";"1"
"3409";"14";"1"
"3410";"15";"0"
"3411";"14";"1"
"3412";"14";"1"
"3413";"15";"0"
"3414";"15";"0"
"3415";"15";"0"
"3416";"15";"0"
"3417";"15";"0"
"3418";"15";"0"
"3419";"15";"0"
"3420";"15";"0"
"3421";"15";"0"
"3422";"15";"0"
"3423";"15";"0"
"3424";"15";"0"
"3425";"15";"0"
"3426";"15";"0"
"3427";"15";"0"
"3428";"15";"0"
"3429";"15";"0"
"3430";"15";"0"
"3431";"15";"0"
"3432";"15";"0"
"3433";"15";"0"
"3434";"15";"0"
"3435";"15";"0"
"3436";"15";"0"
"3437";"15";"0"
"3438";"15";"0"
"3439";"15";"0"
"3440";"15";"0"
"3441";"15";"0"
"3442";"15";"0"
"3443";"15";"0"
"3444";"15";"0"
"3445";"15";"0"
"3446";"15";"0"
"3447";"15";"0"
"3448";"15";"0"
"3449";"15";"0"
"3450";"15";"0"
"3451";"15";"0"
"3452";"15";"0"
"3453";"15";"0"
"3454";"15";"0"
"3455";"15";"0"
"3456";"15";"0"
"3457";"15";"0"
"3458";"15";"0"
"3459";"15";"0"
"3460";"15";"0"
"3461";"15";"0"
"3462";"15";"0"
"3463";"15";"0"
"3464";"15";"0"
"3465";"14";"1"
"3466";"15";"0"
"3467";"15";"0"
"3468";"15";"0"
"3469";"14";"1"
"3470";"15";"0"
"3471";"14";"1"
"3472";"15";"0"
"3473";"15";"0"
"3474";"15";"0"
"3475";"15";"0"
"3476";"15";"0"
"3477";"15";"0"
"3478";"15";"0"
"3479";"15";"0"
"3480";"15";"0"
"3481";"15";"0"
"3482";"15";"0"
"3483";"15";"0"
"3484";"15";"0"
"3485";"15";"0"
"3486";"15";"0"
"3487";"15";"0"
"3488";"15";"0"
"3489";"15";"0"
"3490";"15";"0"
"3491";"15";"0"
"3492";"15";"0"
"3493";"15";"0"
"3494";"15";"0"
"3495";"15";"0"
"3496";"15";"0"
"3497";"15";"0"
"3498";"15";"0"
"3499";"15";"0"
"3500";"15";"0"
"3501";"15";"0"
"3502";"15";"0"
"3503";"15";"0"
"3504";"15";"0"
"3505";"15";"0"
"3506";"15";"0"
"3507";"15";"0"
"3508";"15";"0"
"3509";"15";"0"
"3510";"15";"0"
"3511";"15";"0"
"3512";"15";"0"
"3513";"15";"0"
"3514";"15";"0"
"3515";"15";"0"
"3516";"15";"0"
"3517";"15";"0"
"3518";"15";"0"
"3519";"15";"0"
"3520";"15";"0"
"3521";"15";"0"
"3522";"15";"0"
"3523";"15";"0"
"3524";"15";"0"
"3525";"15";"0"
"3526";"15";"0"
"3527";"15";"0"
"3528";"15";"0"
"3529";"15";"0"
"3530";"15";"0"
"3531";"15";"0"
"3532";"15";"0"
"3533";"15";"0"
"3534";"15";"0"
"3535";"15";"0"
"3536";"15";"0"
"3537";"15";"0"
"3538";"15";"0"
"3539";"15";"0"
"3540";"15";"0"
"3541";"15";"0"
"3542";"15";"0"
"3543";"15";"0"
"3544";"15";"0"
"3545";"15";"0"
"3546";"15";"0"
"3547";"15";"0"
"3548";"15";"0"
"3549";"15";"0"
"3550";"15";"0"
"3551";"15";"0"
"3552";"15";"0"
"3553";"14";"1"
"3554";"15";"0"
"3555";"15";"0"
"3556";"15";"0"
"3557";"15";"0"
"3558";"15";"0"
"3559";"15";"0"
"3560";"15";"0"
"3561";"14";"1"
"3562";"14";"1"
"3563";"15";"0"
"3564";"15";"0"
"3565";"15";"0"
"3566";"15";"0"
"3567";"15";"0"
"3568";"15";"0"
"3569";"15";"0"
"3570";"15";"0"
"3571";"15";"0"
"3572";"15";"0"
"3573";"15";"0"
"3574";"15";"0"
"3575";"15";"0"
"3576";"15";"0"
"3577";"15";"0"
"3578";"15";"0"
"3579";"15";"0"
"3580";"15";"0"
"3581";"15";"0"
"3582";"15";"0"
"3583";"15";"0"
"3584";"15";"0"
"3585";"15";"0"
"3586";"15";"0"
"3587";"15";"0"
"3588";"15";"0"
"3589";"15";"0"
"3590";"15";"0"
"3591";"14";"1"
"3592";"15";"0"
"3593";"14";"1"
"3594";"15";"0"
"3595";"15";"0"
"3596";"15";"0"
"3597";"15";"0"
"3598";"15";"0"
"3599";"15";"0"
"3600";"15";"0"
"3601";"15";"0"
"3602";"15";"0"
"3603";"15";"0"
"3604";"15";"0"
"3605";"15";"0"
"3606";"15";"0"
"3607";"15";"0"
"3608";"15";"0"
"3609";"15";"0"
"3610";"15";"0"
"3611";"15";"0"
"3612";"15";"1"
"3613";"15";"0"
"3614";"15";"1"
"3615";"15";"0"
"3616";"15";"0"
"3617";"15";"0"
"3618";"15";"0"
"3619";"15";"0"
"3620";"14";"1"
"3621";"14";"1"
"3622";"14";"1"
"3623";"14";"1"
"3624";"14";"1"
"3625";"15";"0"
"3626";"15";"0"
"3627";"15";"1"
"3628";"15";"0"
"3629";"15";"1"
"3630";"15";"0"
"3631";"15";"0"
"3632";"15";"0"
"3633";"15";"1"
"3634";"15";"0"
"3635";"15";"0"
"3636";"15";"0"
"3637";"15";"0"
"3638";"15";"0"
"3639";"15";"1"
"3640";"15";"0"
"3641";"15";"1"
"3642";"15";"1"
"3643";"15";"0"
"3644";"15";"1"
"3645";"15";"1"
"3646";"15";"0"
"3647";"15";"1"
"3648";"15";"1"
"3649";"15";"0"
"3650";"15";"1"
"3651";"15";"1"
"3652";"15";"0"
"3653";"15";"1"
"3654";"15";"0"
"3655";"15";"0"
"3656";"15";"0"
"3657";"15";"0"
"3658";"15";"0"
"3659";"15";"0"
"3660";"15";"0"
"3661";"15";"0"
"3662";"15";"0"
"3663";"15";"0"
"3664";"15";"0"
"3665";"15";"0"
"3666";"15";"0"
"3667";"15";"0"
"3668";"15";"0"
"3669";"15";"0"
"3670";"15";"0"
"3671";"15";"0"
"3672";"15";"1"
"3673";"15";"1"
"3674";"15";"1"
"3675";"15";"1"
"3676";"15";"1"
"3677";"15";"1"
"3678";"14";"1"
"3679";"14";"1"
"3680";"14";"1"
"3681";"14";"1"
"3682";"14";"1"
"3683";"14";"1"
"3684";"14";"1"
"3685";"14";"1"
"3686";"15";"0"
"3687";"14";"1"
"3688";"15";"0"
"3689";"15";"0"
"3690";"15";"0"
"3691";"15";"0"
"3692";"15";"0"
"3693";"15";"0"
"3694";"15";"0"
"3695";"15";"0"
"3696";"15";"0"
"3697";"15";"0"
"3698";"15";"1"
"3699";"15";"1"
"3700";"14";"1"
"3701";"14";"1"
"3702";"14";"1"
"3703";"14";"1"
"3704";"14";"1"
"3705";"15";"0"
"3706";"15";"0"
"3707";"14";"1"
"3708";"14";"1"
"3709";"14";"1"
"3710";"15";"0"
"3711";"15";"0"
"3712";"15";"0"
"3713";"15";"0"
"3714";"15";"0"
"3715";"15";"0"
"3716";"15";"0"
"3717";"15";"0"
"3718";"15";"0"
"3719";"15";"0"
"3720";"15";"0"
"3721";"15";"0"
"3722";"15";"0"
"3723";"15";"0"
"3724";"15";"0"
"3725";"15";"0"
"3726";"15";"0"
"3727";"15";"0"
"3728";"15";"0"
"3729";"15";"0"
"3730";"15";"0"
"3731";"15";"0"
"3732";"15";"0"
"3733";"15";"0"
"3734";"15";"0"
"3735";"15";"0"
"3736";"15";"0"
"3737";"15";"0"
"3738";"15";"0"
"3739";"15";"0"
"3740";"15";"0"
"3741";"15";"0"
"3742";"15";"0"
"3743";"15";"0"
"3744";"15";"0"
"3745";"15";"0"
"3746";"15";"0"
"3747";"15";"0"
"3748";"15";"0"
"3749";"15";"0"
"3750";"15";"0"
"3751";"15";"0"
"3752";"15";"0"
"3753";"15";"0"
"3754";"15";"0"
"3755";"15";"0"
"3756";"15";"0"
"3757";"15";"0"
"3758";"15";"0"
"3759";"15";"0"
"3760";"15";"0"
"3761";"15";"0"
"3762";"15";"0"
"3763";"15";"0"
"3764";"15";"1"
"3765";"15";"1"
"3766";"15";"1"
"3767";"15";"1"
"3768";"15";"1"
"3769";"15";"1"
"3770";"14";"1"
"3771";"14";"1"
"3772";"13";"1"
"3773";"13";"2"
"3774";"13";"1"
"3775";"14";"0"
"3776";"12";"2"
"3777";"13";"1"
"3778";"13";"1"
"3779";"12";"2"
"3780";"12";"2"
"3781";"12";"2"
"3782";"13";"1"
"3783";"13";"1"
"3784";"14";"0"
"3785";"14";"0"
"3786";"13";"1"
"3787";"14";"0"
"3788";"14";"0"
"3789";"14";"0"
"3790";"14";"0"
"3791";"14";"0"
"3792";"14";"0"
"3793";"14";"0"
"3794";"14";"0"
"3795";"14";"0"
"3796";"14";"0"
"3797";"14";"0"
"3798";"14";"0"
"3799";"14";"1"
"3800";"14";"2"
"3801";"14";"0"
"3802";"14";"1"
"3803";"14";"0"
"3804";"14";"1"
"3805";"14";"0"
"3806";"14";"1"
"3807";"14";"0"
"3808";"14";"0"
"3809";"14";"1"
"3810";"14";"0"
"3811";"14";"0"
"3812";"14";"0"
"3813";"14";"0"
"3814";"14";"0"
"3815";"14";"0"
"3816";"14";"0"
"3817";"14";"0"
"3818";"14";"0"
"3819";"14";"0"
"3820";"14";"0"
"3821";"14";"0"
"3822";"14";"0"
"3823";"14";"0"
"3824";"14";"0"
"3825";"14";"0"
"3826";"14";"0"
"3827";"14";"0"
"3828";"14";"0"
"3829";"14";"0"
"3830";"14";"1"
"3831";"14";"1"
"3832";"14";"0"
"3833";"14";"0"
"3834";"14";"0"
"3835";"14";"0"
"3836";"14";"0"
"3837";"14";"0"
"3838";"14";"0"
"3839";"14";"0"
"3840";"14";"0"
"3841";"14";"0"
"3842";"14";"0"
"3843";"14";"0"
"3844";"14";"0"
"3845";"14";"0"
"3846";"14";"0"
"3847";"14";"0"
"3848";"14";"0"
"3849";"14";"0"
"3850";"14";"0"
"3851";"14";"0"
"3852";"14";"0"
"3853";"14";"0"
"3854";"14";"0"
"3855";"14";"1"
"3856";"14";"0"
"3857";"14";"0"
"3858";"14";"0"
"3859";"14";"0"
"3860";"14";"1"
"3861";"14";"1"
"3862";"14";"0"
"3863";"14";"0"
"3864";"14";"0"
"3865";"14";"0"
"3866";"14";"1"
"3867";"14";"0"
"3868";"14";"0"
"3869";"14";"2"
"3870";"14";"0"
"3871";"14";"0"
"3872";"14";"0"
"3873";"14";"0"
"3874";"14";"0"
"3875";"13";"1"
"3876";"14";"0"
"3877";"14";"0"
"3878";"13";"1"
"3879";"13";"1"
"3880";"12";"2"
"3881";"13";"1"
"3882";"13";"1"
"3883";"12";"2"
"3884";"13";"1"
"3885";"13";"1"
"3886";"14";"0"
"3887";"14";"0"
"3888";"12";"2"
"3889";"14";"0"
"3890";"13";"1"
"3891";"13";"1"
"3892";"14";"0"
"3893";"12";"2"
"3894";"10";"4"
"3895";"12";"2"
"3896";"12";"2"
"3897";"12";"2"
"3898";"13";"1"
"3899";"11";"3"
"3900";"11";"3"
"3901";"12";"2"
"3902";"11";"3"
"3903";"11";"3"
"3904";"13";"1"
"3905";"13";"2"
"3906";"12";"2"
"3907";"14";"0"
"3908";"12";"2"
"3909";"12";"2"
"3910";"14";"0"
"3911";"13";"1"
"3912";"13";"1"
"3913";"13";"1"
"3914";"12";"2"
"3915";"13";"1"
"3916";"14";"0"
"3917";"13";"1"
"3918";"13";"1"
"3919";"14";"0"
"3920";"13";"1"
"3921";"13";"1"
"3922";"13";"1"
"3923";"13";"1"
"3924";"13";"1"
"3925";"13";"1"
"3926";"12";"2"
"3927";"13";"1"
"3928";"13";"1"
"3929";"12";"2"
"3930";"12";"2"
"3931";"12";"2"
"3932";"12";"2"
"3933";"11";"2"
"3934";"11";"2"
"3935";"11";"1"
"3936";"11";"1"
"3937";"11";"1"
"3938";"12";"0"
"3939";"11";"1"
"3940";"11";"2"
"3941";"11";"2"
"3942";"11";"2"
"3943";"11";"2"
"3944";"11";"1"
"3945";"11";"2"
"3946";"11";"1"
"3947";"11";"1"
"3948";"11";"1"
"3949";"12";"0"
"3950";"11";"1"
"3951";"11";"1"
"3952";"12";"0"
"3953";"11";"1"
"3954";"11";"1"
"3955";"12";"0"
"3956";"11";"1"
"3957";"11";"1"
"3958";"11";"1"
"3959";"10";"2"
"3960";"10";"2"
"3961";"11";"1"
"3962";"11";"2"
"3963";"12";"1"
"3964";"11";"1"
"3965";"11";"1"
"3966";"11";"1"
"3967";"11";"1"
"3968";"10";"1"
"3969";"10";"1"
"3970";"11";"0"
"3971";"11";"0"
"3972";"11";"0"
"3973";"11";"0"
"3974";"10";"1"
"3975";"10";"1"
"3976";"11";"0"
"3977";"10";"1"
"3978";"11";"0"
"3979";"11";"0"
"3980";"10";"1"
"3981";"10";"1"
"3982";"10";"1"
"3983";"10";"1"
"3984";"9";"2"
"3985";"9";"2"
"3986";"9";"2"
"3987";"9";"1"
"3988";"9";"1"
"3989";"9";"1"
"3990";"9";"1"
"3991";"9";"0"
"3992";"9";"0"
"3993";"9";"0"
"3994";"9";"0"
"3995";"9";"0"
"3996";"9";"0"
"3997";"9";"0"
"3998";"9";"0"
"3999";"9";"0"
"4000";"9";"0"
"4001";"9";"0"
"4002";"9";"0"
"4003";"9";"0"
"4004";"9";"0"
"4005";"9";"0"
"4006";"9";"0"
"4007";"9";"0"
"4008";"9";"0"
"4009";"9";"0"
"4010";"9";"0"
"4011";"9";"0"
"4012";"9";"0"
"4013";"9";"0"
"4014";"9";"0"
"4015";"9";"0"
"4016";"8";"1"
"4017";"8";"1"
"4018";"8";"1"
"4019";"7";"2"
"4020";"7";"2"
"4021";"8";"1"
"4022";"8";"2"
"4023";"9";"1"
"4024";"9";"1"
"4025";"9";"1"
"4026";"9";"1"
"4027";"9";"0"
"4028";"8";"2"
"4029";"10";"0"
"4030";"9";"1"
"4031";"8";"2"
"4032";"8";"2"
"4033";"8";"2"
"4034";"8";"3"
"4035";"7";"4"
"4036";"9";"2"
"4037";"6";"4"
"4038";"10";"0"
"4039";"10";"1"
"4040";"9";"2"
"4041";"9";"2"
"4042";"11";"0"
"4043";"11";"1"
"4044";"10";"1"
"4045";"11";"0"
"4046";"11";"1"
"4047";"11";"0"
"4048";"11";"0"
"4049";"11";"0"
"4050";"11";"0"
"4051";"11";"0"
"4052";"11";"0"
"4053";"11";"0"
"4054";"11";"0"
"4055";"11";"0"
"4056";"11";"0"
"4057";"11";"0"
"4058";"11";"0"
"4059";"11";"0"
"4060";"11";"0"
"4061";"11";"0"
"4062";"11";"0"
"4063";"11";"0"
"4064";"10";"1"
"4065";"10";"1"
"4066";"10";"1"
"4067";"10";"1"
"4068";"10";"1"
"4069";"10";"1"
"4070";"9";"3"
"4071";"12";"0"
"4072";"11";"1"
"4073";"11";"1"
"4074";"12";"0"
"4075";"12";"0"
"4076";"12";"0"
"4077";"12";"0"
"4078";"12";"0"
"4079";"12";"0"
"4080";"12";"0"
"4081";"11";"1"
"4082";"11";"1"
"4083";"12";"0"
"4084";"12";"0"
"4085";"12";"0"
"4086";"12";"0"
"4087";"12";"0"
"4088";"12";"0"
"4089";"12";"0"
"4090";"12";"0"
"4091";"12";"0"
"4092";"12";"0"
"4093";"12";"0"
"4094";"12";"0"
"4095";"12";"0"
"4096";"12";"0"
"4097";"12";"0"
"4098";"12";"0"
"4099";"12";"0"
"4100";"12";"0"
"4101";"12";"0"
"4102";"12";"0"
"4103";"12";"0"
"4104";"12";"0"
"4105";"12";"0"
"4106";"12";"0"
"4107";"12";"0"
"4108";"12";"0"
"4109";"12";"0"
"4110";"12";"0"
"4111";"12";"0"
"4112";"12";"0"
"4113";"12";"0"
"4114";"12";"0"
"4115";"12";"0"
"4116";"12";"0"
"4117";"12";"0"
"4118";"12";"0"
"4119";"12";"0"
"4120";"12";"0"
"4121";"12";"0"
"4122";"12";"0"
"4123";"12";"0"
"4124";"12";"0"
"4125";"12";"0"
"4126";"12";"0"
"4127";"12";"0"
"4128";"12";"0"
"4129";"12";"0"
"4130";"12";"0"
"4131";"12";"0"
"4132";"12";"0"
"4133";"12";"0"
"4134";"12";"0"
"4135";"12";"0"
"4136";"12";"0"
"4137";"12";"0"
"4138";"12";"0"
"4139";"12";"0"
"4140";"12";"0"
"4141";"12";"0"
"4142";"12";"0"
"4143";"12";"0"
"4144";"11";"1"
"4145";"9";"3"
"4146";"12";"0"
"4147";"10";"2"
"4148";"10";"2"
"4149";"12";"0"
"4150";"10";"2"
"4151";"10";"2"
"4152";"12";"0"
"4153";"10";"2"
"4154";"10";"2"
"4155";"11";"1"
"4156";"10";"3"
"4157";"10";"3"
"4158";"13";"0"
"4159";"10";"4"
"4160";"11";"3"
"4161";"13";"1"
"4162";"12";"3"
"4163";"10";"6"
"4164";"15";"1"
"4165";"12";"5"
"4166";"13";"4"
"4167";"15";"0"
"4168";"12";"4"
"4169";"11";"5"
"4170";"14";"2"
"4171";"14";"4"
"4172";"11";"6"
"4173";"14";"3"
"4174";"12";"5"
"4175";"12";"7"
"4176";"13";"6"
"4177";"12";"5"
"4178";"10";"6"
"4179";"12";"4"
"4180";"8";"8"
"4181";"7";"9"
"4182";"13";"3"
"4183";"10";"8"
"4184";"10";"7"
"4185";"15";"2"
"4186";"12";"8"
"4187";"12";"6"
"4188";"14";"4"
"4189";"12";"7"
"4190";"12";"7"
"4191";"15";"4"
"4192";"12";"7"
"4193";"12";"8"
"4194";"15";"3"
"4195";"12";"7"
"4196";"15";"4"
"4197";"14";"4"
"4198";"14";"7"
"4199";"14";"6"
"4200";"14";"5"
"4201";"13";"6"
"4202";"13";"6"
"4203";"12";"7"
"4204";"12";"8"
"4205";"11";"8"
"4206";"13";"6"
"4207";"10";"11"
"4208";"10";"12"
"4209";"15";"7"
"4210";"12";"13"
"4211";"11";"14"
"4212";"15";"8"
"4213";"11";"15"
"4214";"14";"12"
"4215";"15";"7"
"4216";"9";"15"
"4217";"7";"18"
"4218";"15";"6"
"4219";"8";"16"
"4220";"7";"19"
"4221";"15";"11"
"4222";"11";"18"
"4223";"11";"17"
"4224";"15";"7"
"4225";"7";"20"
"4226";"7";"21"
"4227";"15";"10"
"4228";"11";"21"
"4229";"13";"19"
"4230";"15";"11"
"4231";"10";"18"
"4232";"9";"19"
"4233";"15";"7"
"4234";"9";"18"
"4235";"9";"18"
"4236";"15";"8"
"4237";"9";"17"
"4238";"9";"16"
"4239";"14";"11"
"4240";"10";"17"
"4241";"8";"17"
"4242";"15";"9"
"4243";"10";"16"
"4244";"6";"19"
"4245";"14";"11"
"4246";"10";"16"
"4247";"9";"18"
"4248";"15";"11"
"4249";"15";"15"
"4250";"13";"18"
"4251";"15";"11"
"4252";"8";"18"
"4253";"9";"17"
"4254";"15";"11"
"4255";"9";"18"
"4256";"10";"17"
"4257";"10";"17"
"4258";"12";"15"
"4259";"12";"15"
"4260";"11";"14"
"4261";"11";"17"
"4262";"12";"16"
"4263";"11";"14"
"4264";"6";"19"
"4265";"5";"18"
"4266";"5";"14"
"4267";"5";"20"
"4268";"2";"22"
"4269";"10";"14"
"4270";"8";"19"
"4271";"9";"18"
"4272";"8";"17"
"4273";"8";"18"
"4274";"6";"22"
"4275";"13";"15"
"4276";"11";"21"
"4277";"12";"20"
"4278";"11";"21"
"4279";"10";"22"
"4280";"10";"21"
"4281";"10";"18"
"4282";"12";"16"
"4283";"11";"16"
"4284";"12";"15"
"4285";"12";"16"
"4286";"12";"16"
"4287";"12";"13"
"4288";"11";"17"
"4289";"10";"18"
"4290";"10";"14"
"4291";"8";"19"
"4292";"10";"17"
"4293";"9";"14"
"4294";"7";"18"
"4295";"7";"18"
"4296";"12";"13"
"4297";"12";"15"
"4298";"11";"17"
"4299";"14";"14"
"4300";"13";"16"
"4301";"11";"17"
"4302";"11";"17"
"4303";"10";"18"
"4304";"12";"16"
"4305";"9";"19"
"4306";"9";"19"
"4307";"8";"20"
"4308";"13";"15"
"4309";"8";"22"
"4310";"6";"24"
"4311";"14";"16"
"4312";"14";"19"
"4313";"10";"24"
"4314";"11";"23"
"4315";"11";"23"
"4316";"14";"20"
"4317";"15";"19"
"4318";"13";"21"
"4319";"11";"22"
"4320";"12";"21"
"4321";"10";"19"
"4322";"11";"18"
"4323";"9";"17"
"4324";"5";"21"
"4325";"4";"21"
"4326";"3";"19"
"4327";"1";"24"
"4328";"1";"22"
"4329";"7";"16"
"4330";"3";"24"
"4331";"1";"26"
"4332";"10";"17"
"4333";"2";"29"
"4334";"2";"27"
"4335";"10";"19"
"4336";"4";"24"
"4337";"4";"24"
"4338";"9";"19"
"4339";"5";"21"
"4340";"5";"21"
"4341";"7";"19"
"4342";"2";"22"
"4343";"4";"20"
"4344";"5";"19"
"4345";"2";"18"
"4346";"4";"16"
"4347";"2";"21"
"4348";"2";"20"
"4349";"0";"24"
"4350";"1";"23"
"4351";"3";"21"
"4352";"1";"21"
"4353";"1";"21"
"4354";"0";"19"
"4355";"0";"21"
"4356";"2";"19"
"4357";"1";"21"
"4358";"1";"20"
"4359";"4";"17"
"4360";"1";"20"
"4361";"1";"19"
"4362";"2";"18"
"4363";"0";"19"
"4364";"0";"19"
"4365";"0";"18"
"4366";"0";"23"
"4367";"0";"24"
"4368";"8";"16"
"4369";"4";"22"
"4370";"1";"25"
"4371";"9";"17"
"4372";"7";"22"
"4373";"9";"20"
"4374";"11";"18"
"4375";"9";"19"
"4376";"9";"17"
"4377";"9";"18"
"4378";"9";"17"
"4379";"11";"15"
"4380";"8";"17"
"4381";"10";"15"
"4382";"10";"15"
"4383";"6";"17"
"4384";"10";"13"
"4385";"9";"15"
"4386";"4";"19"
"4387";"4";"19"
"4388";"2";"20"
"4389";"1";"21"
"4390";"2";"20"
"4391";"1";"19"
"4392";"0";"18"
"4393";"1";"17"
"4394";"0";"17"
"4395";"0";"19"
"4396";"2";"17"
"4397";"1";"18"
"4398";"0";"18"
"4399";"3";"15"
"4400";"5";"13"
"4401";"2";"15"
"4402";"1";"16"
"4403";"0";"15"
"4404";"0";"16"
"4405";"3";"13"
"4406";"3";"11"
"4407";"0";"16"
"4408";"5";"11"
"4409";"5";"10"
"4410";"0";"15"
"4411";"6";"9"
"4412";"6";"9"
"4413";"1";"15"
"4414";"6";"10"
"4415";"5";"13"
"4416";"3";"15"
"4417";"7";"11"
"4418";"7";"11"
"4419";"4";"14"
"4420";"6";"12"
"4421";"6";"12"
"4422";"2";"11"
"4423";"3";"10"
"4424";"2";"9"
"4425";"0";"10"
"4426";"2";"8"
"4427";"0";"10"
"4428";"0";"12"
"4429";"0";"14"
"4430";"0";"14"
"4431";"0";"13"
"4432";"0";"16"
"4433";"0";"14"
"4434";"0";"14"
"4435";"3";"11"
"4436";"2";"11"
"4437";"2";"11"
"4438";"4";"9"
"4439";"2";"10"
"4440";"0";"11"
"4441";"0";"12"
"4442";"0";"14"
"4443";"0";"13"
"4444";"0";"14"
"4445";"4";"10"
"4446";"1";"14"
"4447";"5";"10"
"4448";"5";"10"
"4449";"3";"14"
"4450";"3";"12"
"4451";"2";"12"
"4452";"2";"13"
"4453";"6";"9"
"4454";"6";"10"
"4455";"5";"11"
"4456";"3";"11"
"4457";"3";"11"
"4458";"3";"11"
"4459";"3";"9"
"4460";"3";"7"
"4461";"3";"7"
"4462";"2";"8"
"4463";"2";"9"
"4464";"1";"9"
"4465";"1";"9"
"4466";"3";"7"
"4467";"2";"11"
"4468";"2";"9"
"4469";"4";"7"
"4470";"3";"8"
"4471";"1";"7"
"4472";"1";"7"
"4473";"1";"7"
"4474";"0";"6"
"4475";"0";"8"
"4476";"2";"6"
"4477";"1";"6"
"4478";"2";"5"
"4479";"0";"8"
"4480";"0";"9"
"4481";"3";"6"
"4482";"3";"8"
"4483";"3";"8"
"4484";"2";"9"
"4485";"1";"12"
"4486";"0";"10"
"4487";"3";"7"
"4488";"3";"11"
"4489";"2";"7"
"4490";"2";"7"
"4491";"1";"9"
"4492";"1";"10"
"4493";"0";"10"
"4494";"0";"11"
"4495";"0";"9"
"4496";"0";"10"
"4497";"0";"8"
"4498";"0";"11"
"4499";"0";"8"
"4500";"0";"7"
"4501";"0";"9"
"4502";"0";"10"
"4503";"0";"10"
"4504";"0";"11"
"4505";"1";"10"
"4506";"0";"9"
"4507";"0";"11"
"4508";"0";"9"
"4509";"0";"11"
"4510";"0";"9"
"4511";"0";"7"
"4512";"0";"11"
"4513";"0";"8"
"4514";"0";"8"
"4515";"0";"8"
"4516";"1";"7"
"4517";"0";"9"
"4518";"3";"6"
"4519";"2";"10"
"4520";"2";"9"
"4521";"0";"9"
"4522";"0";"10"
"4523";"0";"9"
"4524";"0";"9"
"4525";"1";"8"
"4526";"0";"10"
"4527";"4";"6"
"4528";"3";"10"
"4529";"2";"10"
"4530";"0";"13"
"4531";"5";"8"
"4532";"5";"9"
"4533";"1";"10"
"4534";"1";"10"
"4535";"3";"8"
"4536";"0";"13"
"4537";"3";"10"
"4538";"5";"8"
"4539";"0";"14"
"4540";"5";"9"
"4541";"6";"8"
"4542";"1";"13"
"4543";"5";"9"
"4544";"5";"9"
"4545";"0";"16"
"4546";"5";"11"
"4547";"7";"9"
"4548";"1";"13"
"4549";"5";"9"
"4550";"3";"11"
"4551";"0";"16"
"4552";"5";"11"
"4553";"4";"10"
"4554";"1";"14"
"4555";"4";"11"
"4556";"5";"10"
"4557";"1";"13"
"4558";"5";"9"
"4559";"4";"12"
"4560";"0";"16"
"4561";"7";"9"
"4562";"5";"11"
"4563";"3";"15"
"4564";"5";"13"
"4565";"5";"13"
"4566";"2";"17"
"4567";"6";"13"
"4568";"6";"15"
"4569";"6";"13"
"4570";"6";"13"
"4571";"6";"14"
"4572";"1";"19"
"4573";"6";"14"
"4574";"6";"13"
"4575";"1";"17"
"4576";"4";"14"
"4577";"4";"14"
"4578";"2";"16"
"4579";"2";"18"
"4580";"3";"17"
"4581";"3";"14"
"4582";"4";"13"
"4583";"4";"13"
"4584";"0";"17"
"4585";"0";"17"
"4586";"0";"13"
"4587";"0";"13"
"4588";"0";"15"
"4589";"5";"10"
"4590";"0";"18"
"4591";"5";"13"
"4592";"5";"13"
"4593";"3";"13"
"4594";"3";"13"
"4595";"4";"12"
"4596";"2";"13"
"4597";"1";"14"
"4598";"1";"12"
"4599";"0";"15"
"4600";"0";"15"
"4601";"0";"15"
"4602";"0";"15"
"4603";"0";"15"
"4604";"0";"14"
"4605";"0";"16"
"4606";"5";"11"
"4607";"3";"13"
"4608";"3";"14"
"4609";"3";"14"
"4610";"2";"15"
"4611";"0";"18"
"4612";"3";"15"
"4613";"7";"11"
"4614";"4";"15"
"4615";"6";"13"
"4616";"9";"10"
"4617";"6";"15"
"4618";"6";"13"
"4619";"7";"12"
"4620";"5";"14"
"4621";"5";"15"
"4622";"4";"14"
"4623";"4";"16"
"4624";"8";"12"
"4625";"9";"11"
"4626";"8";"9"
"4627";"7";"12"
"4628";"9";"10"
"4629";"12";"7"
"4630";"10";"9"
"4631";"9";"11"
"4632";"9";"8"
"4633";"8";"9"
"4634";"7";"9"
"4635";"7";"9"
"4636";"9";"7"
"4637";"7";"9"
"4638";"6";"12"
"4639";"9";"9"
"4640";"9";"9"
"4641";"9";"7"
"4642";"9";"8"
"4643";"10";"7"
"4644";"10";"5"
"4645";"10";"9"
"4646";"8";"10"
"4647";"7";"10"
"4648";"6";"11"
"4649";"5";"12"
"4650";"4";"9"
"4651";"0";"13"
"4652";"0";"12"
"4653";"1";"11"
"4654";"0";"13"
"4655";"1";"12"
"4656";"1";"10"
"4657";"0";"15"
"4658";"0";"13"
"4659";"1";"12"
"4660";"1";"14"
"4661";"0";"13"
"4662";"0";"13"
"4663";"0";"13"
"4664";"0";"12"
"4665";"0";"13"
"4666";"0";"15"
"4667";"0";"14"
"4668";"3";"11"
"4669";"0";"14"
"4670";"2";"12"
"4671";"3";"11"
"4672";"1";"12"
"4673";"1";"13"
"4674";"1";"12"
"4675";"1";"12"
"4676";"1";"12"
"4677";"0";"14"
"4678";"0";"13"
"4679";"1";"12"
"4680";"1";"12"
"4681";"3";"10"
"4682";"3";"9"
"4683";"1";"10"
"4684";"1";"10"
"4685";"1";"11"
"4686";"0";"11"
"4687";"0";"11"
"4688";"0";"11"
"4689";"0";"11"
"4690";"0";"11"
"4691";"1";"10"
"4692";"0";"12"
"4693";"2";"10"
"4694";"1";"11"
"4695";"0";"15"
"4696";"2";"13"
"4697";"2";"12"
"4698";"1";"11"
"4699";"1";"11"
"4700";"1";"11"
"4701";"0";"10"
"4702";"0";"12"
"4703";"0";"12"
"4704";"0";"12"
"4705";"0";"13"
"4706";"0";"13"
"4707";"0";"12"
"4708";"0";"12"
"4709";"0";"12"
"4710";"0";"13"
"4711";"1";"12"
"4712";"2";"11"
"4713";"1";"10"
"4714";"0";"13"
"4715";"0";"13"
"4716";"2";"11"
"4717";"2";"11"
"4718";"0";"14"
"4719";"2";"12"
"4720";"0";"18"
"4721";"0";"17"
"4722";"7";"10"
"4723";"4";"13"
"4724";"5";"12"
"4725";"3";"14"
"4726";"4";"13"
"4727";"3";"13"
"4728";"6";"10"
"4729";"6";"12"
"4730";"6";"14"
"4731";"5";"12"
"4732";"5";"12"
"4733";"8";"9"
"4734";"8";"8"
"4735";"7";"9"
"4736";"7";"11"
"4737";"7";"8"
"4738";"6";"12"
"4739";"6";"11"
"4740";"11";"6"
"4741";"9";"10"
"4742";"10";"9"
"4743";"10";"7"
"4744";"9";"11"
"4745";"10";"10"
"4746";"10";"10"
"4747";"12";"8"
"4748";"11";"9"
"4749";"10";"8"
"4750";"8";"10"
"4751";"7";"11"
"4752";"7";"7"
"4753";"7";"7"
"4754";"7";"7"
"4755";"6";"9"
"4756";"9";"6"
"4757";"9";"7"
"4758";"9";"6"
"4759";"10";"5"
"4760";"10";"5"
"4761";"8";"9"
"4762";"13";"4"
"4763";"13";"4"
"4764";"12";"7"
"4765";"15";"3"
"4766";"15";"5"
"4767";"15";"5"
"4768";"15";"4"
"4769";"15";"4"
"4770";"14";"3"
"4771";"15";"2"
"4772";"15";"3"
"4773";"15";"4"
"4774";"14";"4"
"4775";"13";"6"
"4776";"15";"4"
"4777";"15";"3"
"4778";"15";"2"
"4779";"15";"3"
"4780";"15";"3"
"4781";"15";"3"
"4782";"15";"3"
"4783";"15";"2"
"4784";"15";"3"
"4785";"15";"3"
"4786";"15";"2"
"4787";"15";"2"
"4788";"15";"2"
"4789";"15";"3"
"4790";"15";"3"
"4791";"15";"1"
"4792";"15";"2"
"4793";"14";"3"
"4794";"15";"0"
"4795";"13";"3"
"4796";"15";"1"
"4797";"15";"0"
"4798";"15";"1"
"4799";"15";"0"
"4800";"15";"0"
"4801";"14";"1"
"4802";"14";"1"
"4803";"15";"0"
"4804";"15";"0"
"4805";"15";"0"
"4806";"15";"0"
"4807";"15";"0"
"4808";"14";"1"
"4809";"15";"0"
"4810";"14";"1"
"4811";"14";"1"
"4812";"15";"0"
"4813";"15";"0"
"4814";"15";"0"
"4815";"15";"0"
"4816";"15";"0"
"4817";"15";"0"
"4818";"15";"0"
"4819";"14";"1"
"4820";"15";"0"
"4821";"15";"0"
"4822";"15";"0"
"4823";"15";"0"
"4824";"15";"0"
"4825";"14";"1"
"4826";"14";"1"
"4827";"15";"0"
"4828";"15";"0"
"4829";"15";"0"
"4830";"15";"0"
"4831";"15";"0"
"4832";"14";"1"
"4833";"15";"0"
"4834";"15";"0"
"4835";"15";"0"
"4836";"14";"1"
"4837";"15";"0"
"4838";"15";"0"
"4839";"15";"0"
"4840";"15";"0"
"4841";"15";"0"
"4842";"15";"1"
"4843";"15";"1"
"4844";"15";"0"
"4845";"14";"1"
"4846";"15";"0"
"4847";"15";"0"
"4848";"15";"0"
"4849";"15";"0"
"4850";"15";"0"
"4851";"14";"2"
"4852";"14";"2"
"4853";"15";"0"
"4854";"15";"0"
"4855";"15";"0"
"4856";"15";"0"
"4857";"15";"1"
"4858";"14";"2"
"4859";"15";"0"
"4860";"15";"0"
"4861";"15";"0"
"4862";"15";"0"
"4863";"15";"0"
"4864";"15";"0"
"4865";"15";"0"
"4866";"15";"1"
"4867";"15";"0"
"4868";"15";"0"
"4869";"15";"0"
"4870";"15";"0"
"4871";"15";"0"
"4872";"15";"1"
"4873";"15";"1"
"4874";"15";"0"
"4875";"15";"0"
"4876";"15";"0"
"4877";"15";"0"
"4878";"15";"0"
"4879";"15";"0"
"4880";"15";"0"
"4881";"15";"1"
"4882";"15";"1"
"4883";"15";"0"
"4884";"15";"0"
"4885";"15";"0"
"4886";"15";"0"
"4887";"15";"0"
"4888";"15";"0"
"4889";"15";"0"
"4890";"15";"1"
"4891";"15";"0"
"4892";"15";"0"
"4893";"15";"0"
"4894";"15";"0"
"4895";"15";"0"
"4896";"15";"1"
"4897";"15";"1"
"4898";"15";"0"
"4899";"15";"0"
"4900";"15";"1"
"4901";"15";"1"
"4902";"15";"1"
"4903";"15";"1"
"4904";"15";"0"
"4905";"15";"0"
"4906";"15";"1"
"4907";"15";"1"
"4908";"15";"2"
"4909";"15";"1"
"4910";"15";"0"
"4911";"15";"2"
"4912";"15";"2"
"4913";"15";"0"
"4914";"15";"1"
"4915";"15";"1"
"4916";"15";"0"
"4917";"15";"1"
"4918";"15";"2"
"4919";"15";"0"
"4920";"15";"1"
"4921";"15";"2"
"4922";"15";"1"
"4923";"14";"2"
"4924";"14";"3"
"4925";"15";"1"
"4926";"13";"2"
"4927";"13";"3"
"4928";"15";"1"
"4929";"14";"3"
"4930";"14";"3"
"4931";"13";"4"
"4932";"13";"4"
"4933";"12";"4"
"4934";"12";"4"
"4935";"12";"4"
"4936";"13";"3"
"4937";"12";"4"
"4938";"13";"3"
"4939";"13";"3"
"4940";"12";"4"
"4941";"13";"3"
"4942";"12";"4"
"4943";"12";"4"
"4944";"12";"4"
"4945";"12";"4"
"4946";"12";"4"
"4947";"12";"4"
"4948";"12";"4"
"4949";"12";"4"
"4950";"12";"4"
"4951";"12";"3"
"4952";"12";"3"
"4953";"12";"3"
"4954";"12";"3"
"4955";"12";"3"
"4956";"12";"3"
"4957";"12";"3"
"4958";"12";"3"
"4959";"12";"2"
"4960";"12";"2"
"4961";"12";"2"
"4962";"12";"2"
"4963";"12";"2"
"4964";"12";"3"
"4965";"12";"2"
"4966";"12";"2"
"4967";"12";"2"
"4968";"12";"2"
"4969";"12";"2"
"4970";"12";"4"
"4971";"12";"2"
"4972";"12";"2"
"4973";"12";"3"
"4974";"11";"2"
"4975";"11";"2"
"4976";"11";"3"
"4977";"11";"3"
"4978";"11";"3"
"4979";"11";"2"
"4980";"10";"3"
"4981";"10";"2"
"4982";"10";"2"
"4983";"10";"2"
"4984";"10";"2"
"4985";"10";"2"
"4986";"10";"2"
"4987";"10";"2"
"4988";"10";"2"
"4989";"9";"3"
"4990";"10";"2"
"4991";"9";"3"
"4992";"10";"2"
"4993";"10";"2"
"4994";"8";"4"
"4995";"10";"2"
"4996";"10";"2"
"4997";"9";"3"
"4998";"10";"2"
"4999";"10";"2"
"5000";"10";"3"
"5001";"10";"3"
"5002";"10";"3"
"5003";"10";"3"
"5004";"10";"3"
"5005";"10";"3"
"5006";"10";"2"
"5007";"10";"4"
"5008";"10";"2"
"5009";"10";"3"
"5010";"10";"2"
"5011";"10";"2"
"5012";"10";"2"
"5013";"10";"2"
"5014";"10";"3"
"5015";"10";"3"
"5016";"10";"2"
"5017";"10";"2"
"5018";"10";"2"
"5019";"10";"2"
"5020";"10";"2"
"5021";"10";"2"
"5022";"10";"2"
"5023";"10";"2"
"5024";"10";"2"
"5025";"10";"2"
"5026";"10";"3"
"5027";"9";"2"
"5028";"9";"2"
"5029";"9";"1"
"5030";"9";"2"
"5031";"9";"1"
"5032";"9";"1"
"5033";"9";"1"
"5034";"9";"1"
"5035";"9";"1"
"5036";"9";"1"
"5037";"9";"1"
"5038";"9";"1"
"5039";"9";"1"
"5040";"9";"1"
"5041";"9";"1"
"5042";"9";"1"
"5043";"9";"1"
"5044";"8";"2"
"5045";"9";"1"
"5046";"8";"2"
"5047";"7";"3"
"5048";"8";"2"
"5049";"8";"1"
"5050";"7";"4"
"5051";"9";"2"
"5052";"9";"3"
"5053";"8";"3"
"5054";"8";"6"
"5055";"7";"5"
"5056";"7";"6"
"5057";"7";"7"
"5058";"7";"6"
"5059";"6";"7"
"5060";"5";"7"
"5061";"5";"7"
"5062";"5";"8"
"5063";"7";"6"
"5064";"5";"8"
"5065";"4";"8"
"5066";"4";"8"
"5067";"3";"8"
"5068";"3";"9"
"5069";"6";"6"
"5070";"4";"7"
"5071";"4";"7"
"5072";"4";"6"
"5073";"1";"9"
"5074";"1";"10"
"5075";"4";"7"
"5076";"3";"9"
"5077";"3";"9"
"5078";"5";"7"
"5079";"5";"7"
"5080";"4";"8"
"5081";"5";"7"
"5082";"4";"8"
"5083";"7";"5"
"5084";"8";"4"
"5085";"6";"6"
"5086";"5";"7"
"5087";"5";"6"
"5088";"6";"5"
"5089";"6";"6"
"5090";"8";"4"
"5091";"7";"5"
"5092";"9";"3"
"5093";"9";"5"
"5094";"12";"2"
"5095";"11";"2"
"5096";"11";"4"
"5097";"10";"3"
"5098";"10";"3"
"5099";"10";"3"
"5100";"10";"2"
"5101";"9";"3"
"5102";"10";"2"
"5103";"9";"2"
"5104";"8";"3"
"5105";"11";"0"
"5106";"9";"3"
"5107";"9";"3"
"5108";"11";"1"
"5109";"9";"4"
"5110";"9";"4"
"5111";"13";"0"
"5112";"11";"5"
"5113";"13";"3"
"5114";"13";"2"
"5115";"13";"3"
"5116";"13";"3"
"5117";"13";"0"
"5118";"13";"1"
"5119";"13";"0"
"5120";"13";"0"
"5121";"13";"0"
"5122";"13";"0"
"5123";"13";"0"
"5124";"13";"0"
"5125";"13";"0"
"5126";"13";"0"
"5127";"13";"0"
"5128";"13";"0"
"5129";"13";"0"
"5130";"13";"0"
"5131";"13";"0"
"5132";"13";"0"
"5133";"13";"0"
"5134";"13";"0"
"5135";"13";"0"
"5136";"13";"0"
"5137";"13";"0"
"5138";"13";"0"
"5139";"13";"0"
"5140";"13";"0"
"5141";"13";"0"
"5142";"13";"0"
"5143";"13";"0"
"5144";"13";"0"
"5145";"13";"0"
"5146";"13";"0"
"5147";"13";"0"
"5148";"13";"0"
"5149";"13";"0"
"5150";"13";"0"
"5151";"13";"0"
"5152";"13";"0"
"5153";"13";"0"
"5154";"13";"0"
"5155";"13";"0"
"5156";"13";"0"
"5157";"13";"0"
"5158";"13";"0"
"5159";"13";"0"
"5160";"13";"0"
"5161";"13";"0"
"5162";"13";"0"
"5163";"13";"0"
"5164";"13";"0"
"5165";"13";"0"
"5166";"13";"0"
"5167";"13";"0"
"5168";"13";"0"
"5169";"13";"0"
"5170";"13";"0"
"5171";"13";"0"
"5172";"13";"0"
"5173";"13";"0"
"5174";"13";"0"
"5175";"13";"0"
"5176";"13";"0"
"5177";"13";"0"
"5178";"13";"0"
"5179";"13";"0"
"5180";"13";"0"
"5181";"13";"0"
"5182";"13";"0"
"5183";"13";"0"
"5184";"13";"0"
"5185";"13";"0"
"5186";"13";"0"
"5187";"13";"0"
"5188";"13";"0"
"5189";"13";"0"
"5190";"13";"0"
"5191";"13";"0"
"5192";"13";"0"
"5193";"13";"0"
"5194";"13";"0"
"5195";"13";"0"
"5196";"13";"0"
"5197";"13";"0"
"5198";"13";"0"
"5199";"13";"0"
"5200";"13";"0"
"5201";"13";"0"
"5202";"13";"0"
"5203";"13";"0"
"5204";"13";"0"
"5205";"13";"0"
"5206";"13";"0"
"5207";"13";"0"
"5208";"13";"0"
"5209";"13";"0"
"5210";"13";"0"
"5211";"13";"0"
"5212";"13";"0"
"5213";"13";"0"
"5214";"13";"0"
"5215";"13";"0"
"5216";"13";"0"
"5217";"13";"0"
"5218";"13";"0"
"5219";"13";"0"
"5220";"13";"0"
"5221";"13";"0"
"5222";"13";"0"
"5223";"13";"0"
"5224";"13";"0"
"5225";"13";"0"
"5226";"13";"0"
"5227";"13";"0"
"5228";"13";"0"
"5229";"13";"0"
"5230";"13";"0"
"5231";"13";"0"
"5232";"13";"0"
"5233";"13";"0"
"5234";"13";"0"
"5235";"13";"0"
"5236";"13";"0"
"5237";"13";"0"
"5238";"13";"0"
"5239";"13";"0"
"5240";"13";"0"
"5241";"13";"0"
"5242";"13";"0"
"5243";"13";"0"
"5244";"13";"0"
"5245";"13";"0"
"5246";"13";"0"
"5247";"13";"0"
"5248";"13";"0"
"5249";"13";"0"
"5250";"13";"0"
"5251";"13";"0"
"5252";"13";"0"
"5253";"13";"0"
"5254";"13";"0"
"5255";"13";"0"
"5256";"13";"0"
"5257";"13";"0"
"5258";"13";"0"
"5259";"13";"0"
"5260";"13";"0"
"5261";"13";"1"
"5262";"13";"1"
"5263";"13";"1"
"5264";"13";"1"
"5265";"13";"1"
"5266";"12";"1"
"5267";"12";"1"
"5268";"12";"1"
"5269";"12";"1"
"5270";"12";"1"
"5271";"11";"2"
"5272";"11";"2"
"5273";"11";"2"
"5274";"12";"1"
"5275";"12";"1"
"5276";"12";"1"
"5277";"12";"1"
"5278";"12";"1"
"5279";"12";"1"
"5280";"12";"1"
"5281";"12";"1"
"5282";"12";"1"
"5283";"12";"1"
"5284";"11";"2"
"5285";"12";"1"
"5286";"11";"2"
"5287";"11";"3"
"5288";"11";"2"
"5289";"11";"3"
"5290";"11";"3"
"5291";"10";"5"
"5292";"11";"4"
"5293";"11";"6"
"5294";"11";"5"
"5295";"12";"4"
"5296";"12";"4"
"5297";"11";"5"
"5298";"12";"4"
"5299";"11";"4"
"5300";"8";"5"
"5301";"8";"6"
"5302";"8";"5"
"5303";"7";"6"
"5304";"9";"4"
"5305";"7";"6"
"5306";"6";"7"
"5307";"8";"5"
"5308";"6";"8"
"5309";"6";"8"
"5310";"5";"7"
"5311";"5";"8"
"5312";"7";"6"
"5313";"7";"7"
"5314";"9";"5"
"5315";"9";"6"
"5316";"9";"6"
"5317";"8";"8"
"5318";"8";"7"
"5319";"9";"6"
"5320";"8";"7"
"5321";"8";"7"
"5322";"10";"5"
"5323";"9";"6"
"5324";"9";"6"
"5325";"12";"3"
"5326";"10";"5"
"5327";"10";"5"
"5328";"12";"3"
"5329";"11";"4"
"5330";"10";"5"
"5331";"12";"3"
"5332";"10";"5"
"5333";"10";"5"
"5334";"10";"4"
"5335";"10";"5"
"5336";"11";"4"
"5337";"12";"3"
"5338";"11";"4"
"5339";"10";"4"
"5340";"10";"4"
"5341";"10";"4"
"5342";"10";"4"
"5343";"10";"4"
"5344";"10";"4"
"5345";"10";"4"
"5346";"12";"2"
"5347";"10";"4"
"5348";"9";"5"
"5349";"12";"2"
"5350";"10";"4"
"5351";"10";"4"
"5352";"10";"4"
"5353";"10";"4"
"5354";"10";"4"
"5355";"12";"2"
"5356";"10";"6"
"5357";"10";"6"
"5358";"14";"2"
"5359";"11";"6"
"5360";"10";"8"
"5361";"15";"2"
"5362";"10";"8"
"5363";"11";"7"
"5364";"15";"3"
"5365";"12";"5"
"5366";"11";"5"
"5367";"13";"3"
"5368";"9";"7"
"5369";"10";"6"
"5370";"12";"4"
"5371";"9";"5"
"5372";"9";"6"
"5373";"12";"3"
"5374";"11";"4"
"5375";"11";"4"
"5376";"11";"4"
"5377";"11";"4"
"5378";"11";"4"
"5379";"11";"4"
"5380";"11";"4"
"5381";"11";"4"
"5382";"10";"5"
"5383";"11";"4"
"5384";"11";"4"
"5385";"10";"5"
"5386";"10";"5"
"5387";"10";"5"
"5388";"12";"3"
"5389";"11";"6"
"5390";"11";"5"
"5391";"11";"5"
"5392";"9";"8"
"5393";"9";"8"
"5394";"12";"5"
"5395";"11";"6"
"5396";"10";"7"
"5397";"13";"4"
"5398";"12";"5"
"5399";"13";"4"
"5400";"11";"5"
"5401";"13";"3"
"5402";"13";"3"
"5403";"13";"3"
"5404";"13";"3"
"5405";"12";"4"
"5406";"13";"3"
"5407";"12";"4"
"5408";"13";"3"
"5409";"15";"1"
"5410";"13";"3"
"5411";"12";"4"
"5412";"11";"5"
"5413";"13";"3"
"5414";"13";"3"
"5415";"13";"3"
"5416";"12";"4"
"5417";"12";"4"
"5418";"12";"4"
"5419";"12";"4"
"5420";"11";"6"
"5421";"14";"3"
"5422";"12";"4"
"5423";"12";"4"
"5424";"12";"4"
"5425";"12";"4"
"5426";"10";"6"
"5427";"11";"5"
"5428";"10";"5"
"5429";"11";"4"
"5430";"12";"3"
"5431";"10";"5"
"5432";"8";"7"
"5433";"12";"3"
"5434";"9";"7"
"5435";"8";"7"
"5436";"9";"6"
"5437";"4";"11"
"5438";"6";"9"
"5439";"8";"7"
"5440";"5";"7"
"5441";"5";"8"
"5442";"5";"8"
"5443";"3";"8"
"5444";"2";"9"
"5445";"3";"8"
"5446";"0";"10"
"5447";"4";"6"
"5448";"1";"9"
"5449";"1";"7"
"5450";"2";"6"
"5451";"2";"6"
"5452";"1";"8"
"5453";"0";"7"
"5454";"1";"6"
"5455";"0";"9"
"5456";"0";"10"
"5457";"4";"6"
"5458";"0";"9"
"5459";"0";"9"
"5460";"3";"6"
"5461";"0";"8"
"5462";"0";"8"
"5463";"3";"5"
"5464";"0";"8"
"5465";"0";"10"
"5466";"8";"2"
"5467";"0";"11"
"5468";"3";"8"
"5469";"9";"2"
"5470";"4";"7"
"5471";"4";"7"
"5472";"11";"0"
"5473";"3";"9"
"5474";"7";"5"
"5475";"11";"1"
"5476";"7";"5"
"5477";"7";"6"
"5478";"12";"1"
"5479";"8";"7"
"5480";"8";"5"
"5481";"13";"0"
"5482";"8";"6"
"5483";"8";"6"
"5484";"14";"0"
"5485";"11";"4"
"5486";"10";"5"
"5487";"15";"0"
"5488";"11";"5"
"5489";"10";"6"
"5490";"15";"0"
"5491";"12";"4"
"5492";"11";"5"
"5493";"15";"0"
"5494";"11";"5"
"5495";"12";"4"
"5496";"15";"0"
"5497";"12";"3"
"5498";"12";"3"
"5499";"15";"0"
"5500";"11";"5"
"5501";"13";"3"
"5502";"15";"1"
"5503";"14";"2"
"5504";"13";"3"
"5505";"15";"0"
"5506";"11";"4"
"5507";"12";"3"
"5508";"15";"0"
"5509";"12";"3"
"5510";"13";"2"
"5511";"15";"0"
"5512";"13";"2"
"5513";"14";"1"
"5514";"15";"0"
"5515";"13";"2"
"5516";"14";"1"
"5517";"15";"0"
"5518";"13";"2"
"5519";"14";"1"
"5520";"14";"1"
"5521";"12";"3"
"5522";"13";"2"
"5523";"13";"2"
"5524";"11";"4"
"5525";"13";"2"
"5526";"15";"0"
"5527";"14";"3"
"5528";"15";"1"
"5529";"15";"0"
"5530";"15";"1"
"5531";"15";"1"
"5532";"15";"0"
"5533";"15";"1"
"5534";"15";"0"
"5535";"15";"1"
"5536";"15";"1"
"5537";"15";"1"
"5538";"15";"2"
"5539";"15";"2"
"5540";"15";"2"
"5541";"15";"1"
"5542";"15";"2"
"5543";"15";"2"
"5544";"15";"1"
"5545";"15";"2"
"5546";"15";"2"
"5547";"15";"2"
"5548";"15";"2"
"5549";"14";"2"
"5550";"14";"2"
"5551";"13";"3"
"5552";"13";"3"
"5553";"13";"2"
"5554";"13";"2"
"5555";"13";"3"
"5556";"13";"3"
"5557";"12";"2"
"5558";"12";"2"
"5559";"12";"3"
"5560";"12";"2"
"5561";"12";"2"
"5562";"12";"2"
"5563";"12";"2"
"5564";"12";"2"
"5565";"12";"2"
"5566";"12";"2"
"5567";"12";"2"
"5568";"12";"2"
"5569";"12";"3"
"5570";"12";"3"
"5571";"12";"2"
"5572";"11";"4"
"5573";"12";"3"
"5574";"12";"2"
"5575";"11";"4"
"5576";"13";"2"
"5577";"13";"3"
"5578";"11";"5"
"5579";"12";"4"
"5580";"15";"1"
"5581";"14";"3"
"5582";"14";"3"
"5583";"15";"1"
"5584";"14";"3"
"5585";"14";"3"
"5586";"15";"0"
"5587";"13";"2"
"5588";"13";"2"
"5589";"15";"0"
"5590";"12";"3"
"5591";"13";"2"
"5592";"13";"2"
"5593";"12";"3"
"5594";"12";"4"
"5595";"15";"0"
"5596";"13";"2"
"5597";"13";"3"
"5598";"15";"1"
"5599";"14";"3"
"5600";"13";"4"
"5601";"15";"1"
"5602";"15";"0"
"5603";"14";"1"
"5604";"15";"0"
"5605";"14";"1"
"5606";"14";"1"
"5607";"14";"1"
"5608";"14";"2"
"5609";"14";"2"
"5610";"15";"0"
"5611";"14";"2"
"5612";"14";"3"
"5613";"15";"0"
"5614";"14";"2"
"5615";"14";"2"
"5616";"15";"0"
"5617";"14";"3"
"5618";"14";"2"
"5619";"15";"0"
"5620";"14";"3"
"5621";"15";"1"
"5622";"15";"0"
"5623";"14";"2"
"5624";"13";"3"
"5625";"13";"0"
"5626";"13";"2"
"5627";"13";"2"
"5628";"13";"1"
"5629";"13";"2"
"5630";"13";"1"
"5631";"13";"0"
"5632";"13";"1"
"5633";"13";"2"
"5634";"13";"0"
"5635";"13";"1"
"5636";"13";"1"
"5637";"13";"0"
"5638";"13";"0"
"5639";"13";"0"
"5640";"13";"0"
"5641";"13";"2"
"5642";"13";"0"
"5643";"13";"0"
"5644";"13";"0"
"5645";"13";"1"
"5646";"13";"0"
"5647";"13";"0"
"5648";"13";"1"
"5649";"13";"0"
"5650";"13";"2"
"5651";"13";"0"
"5652";"13";"0"
"5653";"13";"0"
"5654";"13";"0"
"5655";"13";"0"
"5656";"13";"0"
"5657";"13";"0"
"5658";"13";"0"
"5659";"13";"0"
"5660";"13";"0"
"5661";"13";"0"
"5662";"13";"0"
"5663";"13";"0"
"5664";"13";"0"
"5665";"13";"1"
"5666";"13";"0"
"5667";"13";"0"
"5668";"13";"0"
"5669";"13";"0"
"5670";"13";"0"
"5671";"13";"0"
"5672";"13";"1"
"5673";"13";"0"
"5674";"13";"0"
"5675";"13";"0"
"5676";"13";"0"
"5677";"13";"0"
"5678";"13";"0"
"5679";"13";"0"
"5680";"13";"1"
"5681";"13";"1"
"5682";"13";"0"
"5683";"13";"1"
"5684";"13";"1"
"5685";"13";"1"
"5686";"13";"1"
"5687";"13";"1"
"5688";"13";"1"
"5689";"13";"2"
"5690";"13";"2"
"5691";"13";"1"
"5692";"13";"2"
"5693";"13";"1"
"5694";"13";"1"
"5695";"13";"1"
"5696";"13";"1"
"5697";"13";"1"
"5698";"13";"0"
"5699";"13";"0"
"5700";"13";"0"
"5701";"13";"0"
"5702";"13";"0"
"5703";"13";"0"
"5704";"13";"0"
"5705";"13";"0"
"5706";"13";"0"
"5707";"13";"0"
"5708";"12";"1"
"5709";"13";"0"
"5710";"12";"1"
"5711";"12";"1"
"5712";"13";"0"
"5713";"13";"0"
"5714";"13";"0"
"5715";"13";"0"
"5716";"13";"0"
"5717";"13";"0"
"5718";"13";"0"
"5719";"13";"0"
"5720";"13";"0"
"5721";"13";"0"
"5722";"13";"0"
"5723";"13";"0"
"5724";"13";"0"
"5725";"13";"0"
"5726";"13";"0"
"5727";"13";"0"
"5728";"13";"0"
"5729";"13";"0"
"5730";"13";"0"
"5731";"13";"0"
"5732";"12";"1"
"5733";"13";"0"
"5734";"13";"0"
"5735";"12";"1"
"5736";"13";"0"
"5737";"13";"0"
